<i>
  <i image="stand_0.png" delay="120" x="-48" y="-72"/>
  <i image="stand_1.png" delay="120" x="-48" y="-72"/>
  <i image="stand_2.png" delay="120" x="-48" y="-72"/>
  <i image="stand_3.png" delay="120" x="-48" y="-72"/>
  <i image="stand_4.png" delay="120" x="-48" y="-72"/>
  <i image="stand_5.png" delay="120" x="-48" y="-72"/>
  <i image="stand_6.png" delay="120" x="-48" y="-72"/>
  <i image="stand_7.png" delay="120" x="-48" y="-72"/>
  <i image="stand_8.png" delay="120" x="-48" y="-72"/>
  <i image="stand_9.png" delay="120" x="-48" y="-72"/>
  <i image="stand_10.png" delay="120" x="-48" y="-72"/>
  <i image="stand_11.png" delay="120" x="-48" y="-72"/>
  <i image="move_0.png" delay="120" x="-52" y="-72"/>
  <i image="move_1.png" delay="120" x="-52" y="-72"/>
  <i image="move_2.png" delay="120" x="-52" y="-72"/>
  <i image="move_3.png" delay="120" x="-52" y="-72"/>
  <i image="move_4.png" delay="120" x="-52" y="-72"/>
  <i image="move_5.png" delay="120" x="-52" y="-72"/>
  <i image="move_6.png" delay="120" x="-52" y="-72"/>
  <i image="move_7.png" delay="120" x="-52" y="-72"/>
  <i image="move_8.png" delay="120" x="-52" y="-72"/>
  <i image="move_9.png" delay="120" x="-52" y="-72"/>
  <i image="move_10.png" delay="120" x="-52" y="-72"/>
  <i image="move_11.png" delay="120" x="-52" y="-72"/>
  <i image="attack1.info.hit_0.png" delay="110" x="-107" y="-146"/>
  <i image="attack1.info.hit_1.png" delay="110" x="-107" y="-146"/>
  <i image="attack1.info.hit_2.png" delay="110" x="-107" y="-146"/>
  <i image="attack1.info.hit_3.png" delay="110" x="-107" y="-146"/>
  <i image="attack1.info.hit_4.png" delay="110" x="-107" y="-146"/>
  <i image="attack1.info.hit_5.png" delay="110" x="-107" y="-146"/>
  <i image="attack1.info.hit_6.png" delay="110" x="-107" y="-146"/>
  <i image="attack1.info.hit_7.png" delay="110" x="-107" y="-146"/>
  <i image="attack1.info.hit_8.png" delay="110" x="-107" y="-146"/>
  <i image="attack1.info.hit_9.png" delay="110" x="-107" y="-146"/>
  <i image="attack1.info.hit_10.png" delay="110" x="-107" y="-146"/>
  <i image="attack1.info.hit_11.png" delay="110" x="-107" y="-146"/>
  <i image="attack1.info.hit_12.png" delay="110" x="-107" y="-146"/>
  <i image="attack1.info.hit_13.png" delay="110" x="-107" y="-146"/>
  <i image="attack1_0.png" delay="90" x="-447" y="-180"/>
  <i image="attack1_1.png" delay="90" x="-447" y="-180"/>
  <i image="attack1_2.png" delay="90" x="-447" y="-180"/>
  <i image="attack1_3.png" delay="90" x="-447" y="-180"/>
  <i image="attack1_4.png" delay="90" x="-447" y="-180"/>
  <i image="attack1_5.png" delay="90" x="-447" y="-180"/>
  <i image="attack1_6.png" delay="90" x="-447" y="-180"/>
  <i image="attack1_7.png" delay="90" x="-447" y="-180"/>
  <i image="attack1_8.png" delay="90" x="-447" y="-180"/>
  <i image="attack1_9.png" delay="90" x="-447" y="-180"/>
  <i image="attack1_10.png" delay="90" x="-447" y="-180"/>
  <i image="attack1_11.png" delay="90" x="-447" y="-180"/>
  <i image="attack1_12.png" delay="90" x="-447" y="-180"/>
  <i image="attack1_13.png" delay="90" x="-447" y="-180"/>
  <i image="attack1_14.png" delay="90" x="-447" y="-180"/>
  <i image="attack1_15.png" delay="90" x="-447" y="-180"/>
  <i image="attack1_16.png" delay="90" x="-447" y="-180"/>
  <i image="attack1_17.png" delay="90" x="-447" y="-180"/>
  <i image="attack1_18.png" delay="90" x="-447" y="-180"/>
  <i image="attack1_19.png" delay="90" x="-447" y="-180"/>
  <i image="attack1_20.png" delay="90" x="-447" y="-180"/>
  <i image="attack2.info.hit_0.png" delay="110" x="-175" y="-166"/>
  <i image="attack2.info.hit_1.png" delay="110" x="-175" y="-166"/>
  <i image="attack2.info.hit_2.png" delay="110" x="-175" y="-166"/>
  <i image="attack2.info.hit_3.png" delay="110" x="-175" y="-166"/>
  <i image="attack2.info.hit_4.png" delay="110" x="-175" y="-166"/>
  <i image="attack2.info.hit_5.png" delay="110" x="-175" y="-166"/>
  <i image="attack2.info.hit_6.png" delay="110" x="-175" y="-166"/>
  <i image="attack2.info.hit_7.png" delay="110" x="-175" y="-166"/>
  <i image="attack2.info.hit_8.png" delay="110" x="-175" y="-166"/>
  <i image="attack2.info.hit_9.png" delay="110" x="-175" y="-166"/>
  <i image="attack2.info.hit_10.png" delay="110" x="-175" y="-166"/>
  <i image="attack2_0.png" delay="220" x="-246" y="-183"/>
  <i image="attack2_1.png" delay="60" x="-246" y="-183"/>
  <i image="attack2_2.png" delay="60" x="-246" y="-183"/>
  <i image="attack2_3.png" delay="60" x="-246" y="-183"/>
  <i image="attack2_4.png" delay="60" x="-246" y="-183"/>
  <i image="attack2_5.png" delay="60" x="-246" y="-183"/>
  <i image="attack2_6.png" delay="60" x="-246" y="-183"/>
  <i image="attack2_7.png" delay="60" x="-246" y="-183"/>
  <i image="attack2_8.png" delay="60" x="-246" y="-183"/>
  <i image="attack2_9.png" delay="90" x="-246" y="-183"/>
  <i image="attack2_10.png" delay="90" x="-246" y="-183"/>
  <i image="attack2_11.png" delay="90" x="-246" y="-183"/>
  <i image="attack2_12.png" delay="90" x="-246" y="-183"/>
  <i image="attack2_13.png" delay="90" x="-246" y="-183"/>
  <i image="attack2_14.png" delay="90" x="-246" y="-183"/>
  <i image="attack2_15.png" delay="90" x="-246" y="-183"/>
  <i image="attack2_16.png" delay="90" x="-246" y="-183"/>
  <i image="attack2_17.png" delay="60" x="-246" y="-183"/>
  <i image="attack2_18.png" delay="60" x="-246" y="-183"/>
  <i image="attack2_19.png" delay="60" x="-246" y="-183"/>
  <i image="attack2_20.png" delay="60" x="-246" y="-183"/>
  <i image="attack2_21.png" delay="60" x="-246" y="-183"/>
  <i image="attack2_22.png" delay="60" x="-246" y="-183"/>
  <i image="attack2_23.png" delay="90" x="-246" y="-183"/>
  <i image="attack2_24.png" delay="90" x="-246" y="-183"/>
  <i image="attack2_25.png" delay="90" x="-246" y="-183"/>
  <i image="attack2_26.png" delay="90" x="-246" y="-183"/>
  <i image="attack2_27.png" delay="90" x="-246" y="-183"/>
  <i image="attack2_28.png" delay="90" x="-246" y="-183"/>
  <i image="attack2_29.png" delay="90" x="-246" y="-183"/>
  <i image="attack2_30.png" delay="90" x="-246" y="-183"/>
  <i image="skill1_0.png" delay="540" x="-84" y="-84"/>
  <i image="skill1_1.png" delay="90" x="-84" y="-84"/>
  <i image="skill1_2.png" delay="90" x="-84" y="-84"/>
  <i image="skill1_3.png" delay="90" x="-84" y="-84"/>
  <i image="skill1_4.png" delay="90" x="-84" y="-84"/>
  <i image="skill1_5.png" delay="90" x="-84" y="-84"/>
  <i image="skill1_6.png" delay="90" x="-84" y="-84"/>
  <i image="skill1_7.png" delay="90" x="-84" y="-84"/>
  <i image="skill1_8.png" delay="90" x="-84" y="-84"/>
  <i image="skill1_9.png" delay="90" x="-84" y="-84"/>
  <i image="skill1_10.png" delay="90" x="-84" y="-84"/>
  <i image="skill1_11.png" delay="90" x="-84" y="-84"/>
  <i image="skill1_12.png" delay="90" x="-84" y="-84"/>
  <i image="skill1_13.png" delay="90" x="-84" y="-84"/>
  <i image="skill1_14.png" delay="90" x="-84" y="-84"/>
  <i image="skill1_15.png" delay="90" x="-84" y="-84"/>
  <i image="skill1_16.png" delay="90" x="-84" y="-84"/>
  <i image="skill1_17.png" delay="90" x="-84" y="-84"/>
  <i image="skill1_18.png" delay="90" x="-84" y="-84"/>
  <i image="skill1_19.png" delay="90" x="-84" y="-84"/>
  <i image="skill1_20.png" delay="90" x="-84" y="-84"/>
  <i image="skill1_21.png" delay="90" x="-84" y="-84"/>
  <i image="skill1_22.png" delay="90" x="-84" y="-84"/>
  <i image="skill1_23.png" delay="90" x="-84" y="-84"/>
  <i image="skill1_24.png" delay="90" x="-84" y="-84"/>
  <i image="skill1_25.png" delay="90" x="-84" y="-84"/>
  <i image="skill1_26.png" delay="90" x="-84" y="-84"/>
  <i image="skill1_27.png" delay="90" x="-84" y="-84"/>
  <i image="skill1_28.png" delay="90" x="-84" y="-84"/>
  <i image="skill1_29.png" delay="90" x="-84" y="-84"/>
  <i image="skill1_30.png" delay="90" x="-84" y="-84"/>
  <i image="skill1_31.png" delay="90" x="-84" y="-84"/>
  <i image="skill1_32.png" delay="90" x="-84" y="-84"/>
  <i image="skill1_33.png" delay="90" x="-84" y="-84"/>
  <i image="hit1_0.png" delay="550" x="-33" y="-84"/>
  <i image="die1_0.png" delay="550" x="-29" y="-84"/>
  <i image="die1_1.png" delay="110" x="-29" y="-84"/>
  <i image="die1_2.png" delay="110" x="-29" y="-84"/>
  <i image="die1_3.png" delay="110" x="-29" y="-84"/>
  <i image="die1_4.png" delay="110" x="-29" y="-84"/>
  <i image="die1_5.png" delay="110" x="-29" y="-84"/>
  <i image="die1_6.png" delay="110" x="-29" y="-84"/>
  <i image="die1_7.png" delay="110" x="-29" y="-84"/>
  <i image="jump_0.png" delay="120" x="-31" y="-84"/>
  <i image="jump_1.png" delay="120" x="-31" y="-84"/>
  <i image="jump_2.png" delay="120" x="-31" y="-84"/>
  <i image="jump_3.png" delay="120" x="-31" y="-84"/>
  <i image="jump_4.png" delay="120" x="-31" y="-84"/>
  <i image="jump_5.png" delay="120" x="-31" y="-84"/>
  <i image="jump_6.png" delay="120" x="-31" y="-84"/>
  <i image="jump_7.png" delay="120" x="-31" y="-84"/>
  <i image="jump_8.png" delay="120" x="-31" y="-84"/>
  <i image="jump_9.png" delay="120" x="-31" y="-84"/>
  <i image="jump_10.png" delay="120" x="-31" y="-84"/>
  <i image="jump_11.png" delay="120" x="-31" y="-84"/>
</i>