<i>
  <i image="stand_0.png" delay="180" x="-58" y="-83"/>
  <i image="stand_1.png" delay="180" x="-58" y="-83"/>
  <i image="stand_2.png" delay="180" x="-58" y="-83"/>
  <i image="stand_3.png" delay="180" x="-58" y="-83"/>
  <i image="move_0.png" delay="100" x="-59" y="-84"/>
  <i image="move_1.png" delay="100" x="-59" y="-84"/>
  <i image="move_2.png" delay="100" x="-59" y="-84"/>
  <i image="move_3.png" delay="100" x="-59" y="-84"/>
  <i image="attack1.info.ball_0.png" delay="60" x="-76" y="-36"/>
  <i image="attack1.info.ball_1.png" delay="60" x="-76" y="-36"/>
  <i image="attack1.info.ball_2.png" delay="60" x="-76" y="-36"/>
  <i image="attack1.info.ball_3.png" delay="60" x="-76" y="-36"/>
  <i image="attack1.info.ball_4.png" delay="60" x="-76" y="-36"/>
  <i image="attack1.info.ball_5.png" delay="60" x="-76" y="-36"/>
  <i image="attack1.info.ball_6.png" delay="60" x="-76" y="-36"/>
  <i image="attack1.info.ball_7.png" delay="60" x="-76" y="-36"/>
  <i image="attack1.info.hit_0.png" delay="60" x="-61" y="-76"/>
  <i image="attack1.info.hit_1.png" delay="60" x="-61" y="-76"/>
  <i image="attack1.info.hit_2.png" delay="60" x="-61" y="-76"/>
  <i image="attack1.info.hit_3.png" delay="60" x="-61" y="-76"/>
  <i image="attack1.info.hit_4.png" delay="60" x="-61" y="-76"/>
  <i image="attack1.info.hit_5.png" delay="60" x="-61" y="-76"/>
  <i image="attack1_0.png" delay="60" x="-214" y="-154"/>
  <i image="attack1_1.png" delay="60" x="-214" y="-154"/>
  <i image="attack1_2.png" delay="60" x="-214" y="-154"/>
  <i image="attack1_3.png" delay="60" x="-214" y="-154"/>
  <i image="attack1_4.png" delay="60" x="-214" y="-154"/>
  <i image="attack1_5.png" delay="60" x="-214" y="-154"/>
  <i image="attack1_6.png" delay="60" x="-214" y="-154"/>
  <i image="attack1_7.png" delay="60" x="-214" y="-154"/>
  <i image="attack1_8.png" delay="60" x="-214" y="-154"/>
  <i image="attack1_9.png" delay="60" x="-214" y="-154"/>
  <i image="attack1_10.png" delay="60" x="-214" y="-154"/>
  <i image="attack1_11.png" delay="60" x="-214" y="-154"/>
  <i image="attack1_12.png" delay="60" x="-214" y="-154"/>
  <i image="attack1_13.png" delay="60" x="-214" y="-154"/>
  <i image="attack1_14.png" delay="60" x="-214" y="-154"/>
  <i image="attack1_15.png" delay="60" x="-214" y="-154"/>
  <i image="attack1_16.png" delay="60" x="-214" y="-154"/>
  <i image="attack1_17.png" delay="60" x="-214" y="-154"/>
  <i image="attack1_18.png" delay="60" x="-214" y="-154"/>
  <i image="attack1_19.png" delay="60" x="-214" y="-154"/>
  <i image="attack1_20.png" delay="60" x="-214" y="-154"/>
  <i image="attack1_21.png" delay="60" x="-214" y="-154"/>
  <i image="attack1_22.png" delay="180" x="-214" y="-154"/>
  <i image="attack1_23.png" delay="180" x="-214" y="-154"/>
  <i image="attack1_24.png" delay="180" x="-214" y="-154"/>
  <i image="attack1_25.png" delay="180" x="-214" y="-154"/>
  <i image="attack2.info.hit_0.png" delay="100" x="-44" y="-52"/>
  <i image="attack2.info.hit_1.png" delay="100" x="-44" y="-52"/>
  <i image="attack2.info.hit_2.png" delay="100" x="-44" y="-52"/>
  <i image="attack2.info.hit_3.png" delay="100" x="-44" y="-52"/>
  <i image="attack2.info.hit_4.png" delay="100" x="-44" y="-52"/>
  <i image="attack2_0.png" delay="90" x="-291" y="-103"/>
  <i image="attack2_1.png" delay="90" x="-291" y="-103"/>
  <i image="attack2_2.png" delay="90" x="-291" y="-103"/>
  <i image="attack2_3.png" delay="90" x="-291" y="-103"/>
  <i image="attack2_4.png" delay="90" x="-291" y="-103"/>
  <i image="attack2_5.png" delay="90" x="-291" y="-103"/>
  <i image="attack2_6.png" delay="90" x="-291" y="-103"/>
  <i image="attack2_7.png" delay="90" x="-291" y="-103"/>
  <i image="attack2_8.png" delay="90" x="-291" y="-103"/>
  <i image="attack2_9.png" delay="90" x="-291" y="-103"/>
  <i image="attack2_10.png" delay="180" x="-291" y="-103"/>
  <i image="attack2_11.png" delay="180" x="-291" y="-103"/>
  <i image="attack2_12.png" delay="180" x="-291" y="-103"/>
  <i image="attack2_13.png" delay="180" x="-291" y="-103"/>
  <i image="attack3.info.effect_0.png" delay="90" x="-129" y="-376"/>
  <i image="attack3.info.effect_1.png" delay="90" x="-129" y="-376"/>
  <i image="attack3.info.effect_2.png" delay="90" x="-129" y="-376"/>
  <i image="attack3.info.effect_3.png" delay="90" x="-129" y="-376"/>
  <i image="attack3.info.effect_4.png" delay="90" x="-129" y="-376"/>
  <i image="attack3.info.effect_5.png" delay="90" x="-129" y="-376"/>
  <i image="attack3.info.effect_6.png" delay="90" x="-129" y="-376"/>
  <i image="attack3.info.effect_7.png" delay="90" x="-129" y="-376"/>
  <i image="attack3.info.effect_8.png" delay="90" x="-129" y="-376"/>
  <i image="attack3.info.effect_9.png" delay="90" x="-129" y="-376"/>
  <i image="attack3.info.effect_10.png" delay="90" x="-129" y="-376"/>
  <i image="attack3.info.effect_11.png" delay="90" x="-129" y="-376"/>
  <i image="attack3.info.effect0_0.png" delay="840" x="22" y="-351"/>
  <i image="attack3.info.effect0_1.png" delay="90" x="22" y="-351"/>
  <i image="attack3.info.effect0_2.png" delay="90" x="22" y="-351"/>
  <i image="attack3.info.effect0_3.png" delay="90" x="22" y="-351"/>
  <i image="attack3.info.effect0_4.png" delay="90" x="22" y="-351"/>
  <i image="attack3.info.effect0_5.png" delay="90" x="22" y="-351"/>
  <i image="attack3.info.effect0_6.png" delay="90" x="22" y="-351"/>
  <i image="attack3.info.effect0_7.png" delay="90" x="22" y="-351"/>
  <i image="attack3.info.effect1_0.png" delay="840" x="-154" y="-371"/>
  <i image="attack3.info.effect1_1.png" delay="90" x="-154" y="-371"/>
  <i image="attack3.info.effect1_2.png" delay="90" x="-154" y="-371"/>
  <i image="attack3.info.effect1_3.png" delay="90" x="-154" y="-371"/>
  <i image="attack3.info.effect1_4.png" delay="90" x="-154" y="-371"/>
  <i image="attack3.info.effect1_5.png" delay="90" x="-154" y="-371"/>
  <i image="attack3.info.effect1_6.png" delay="90" x="-154" y="-371"/>
  <i image="attack3.info.effect1_7.png" delay="90" x="-154" y="-371"/>
  <i image="attack3.info.effect2_0.png" delay="840" x="-342" y="-371"/>
  <i image="attack3.info.effect2_1.png" delay="90" x="-342" y="-371"/>
  <i image="attack3.info.effect2_2.png" delay="90" x="-342" y="-371"/>
  <i image="attack3.info.effect2_3.png" delay="90" x="-342" y="-371"/>
  <i image="attack3.info.effect2_4.png" delay="90" x="-342" y="-371"/>
  <i image="attack3.info.effect2_5.png" delay="90" x="-342" y="-371"/>
  <i image="attack3.info.effect2_6.png" delay="90" x="-342" y="-371"/>
  <i image="attack3.info.effect2_7.png" delay="90" x="-342" y="-371"/>
  <i image="attack3.info.hit_0.png" delay="120" x="-86" y="-95"/>
  <i image="attack3.info.hit_1.png" delay="120" x="-86" y="-95"/>
  <i image="attack3.info.hit_2.png" delay="120" x="-86" y="-95"/>
  <i image="attack3.info.hit_3.png" delay="120" x="-86" y="-95"/>
  <i image="attack3.info.hit_4.png" delay="120" x="-86" y="-95"/>
  <i image="attack3_0.png" delay="60" x="-104" y="-103"/>
  <i image="attack3_1.png" delay="60" x="-104" y="-103"/>
  <i image="attack3_2.png" delay="60" x="-104" y="-103"/>
  <i image="attack3_3.png" delay="60" x="-104" y="-103"/>
  <i image="attack3_4.png" delay="60" x="-104" y="-103"/>
  <i image="attack3_5.png" delay="60" x="-104" y="-103"/>
  <i image="attack3_6.png" delay="60" x="-104" y="-103"/>
  <i image="attack3_7.png" delay="60" x="-104" y="-103"/>
  <i image="attack3_8.png" delay="60" x="-104" y="-103"/>
  <i image="attack3_9.png" delay="60" x="-104" y="-103"/>
  <i image="attack3_10.png" delay="60" x="-104" y="-103"/>
  <i image="attack3_11.png" delay="60" x="-104" y="-103"/>
  <i image="attack3_12.png" delay="60" x="-104" y="-103"/>
  <i image="attack3_13.png" delay="60" x="-104" y="-103"/>
  <i image="attack3_14.png" delay="60" x="-104" y="-103"/>
  <i image="attack3_15.png" delay="60" x="-104" y="-103"/>
  <i image="attack3_16.png" delay="60" x="-104" y="-103"/>
  <i image="attack3_17.png" delay="60" x="-104" y="-103"/>
  <i image="attack3_18.png" delay="60" x="-104" y="-103"/>
  <i image="attack3_19.png" delay="60" x="-104" y="-103"/>
  <i image="attack3_20.png" delay="180" x="-104" y="-103"/>
  <i image="attack3_21.png" delay="180" x="-104" y="-103"/>
  <i image="attack3_22.png" delay="180" x="-104" y="-103"/>
  <i image="attack3_23.png" delay="180" x="-104" y="-103"/>
  <i image="skill1_0.png" delay="90" x="-57" y="-91"/>
  <i image="skill1_1.png" delay="90" x="-57" y="-91"/>
  <i image="skill1_2.png" delay="90" x="-57" y="-91"/>
  <i image="skill1_3.png" delay="90" x="-57" y="-91"/>
  <i image="skill1_4.png" delay="90" x="-57" y="-91"/>
  <i image="skill1_5.png" delay="90" x="-57" y="-91"/>
  <i image="skill1_6.png" delay="90" x="-57" y="-91"/>
  <i image="skill1_7.png" delay="90" x="-57" y="-91"/>
  <i image="skill1_8.png" delay="90" x="-57" y="-91"/>
  <i image="skill1_9.png" delay="90" x="-57" y="-91"/>
  <i image="skill1_10.png" delay="90" x="-57" y="-91"/>
  <i image="hit1_0.png" delay="300" x="-37" y="-94"/>
  <i image="die1_0.png" delay="120" x="-53" y="-141"/>
  <i image="die1_1.png" delay="120" x="-53" y="-141"/>
  <i image="die1_2.png" delay="120" x="-53" y="-141"/>
  <i image="die1_3.png" delay="120" x="-53" y="-141"/>
  <i image="die1_4.png" delay="120" x="-53" y="-141"/>
  <i image="die1_5.png" delay="120" x="-53" y="-141"/>
  <i image="die1_6.png" delay="120" x="-53" y="-141"/>
  <i image="die1_7.png" delay="120" x="-53" y="-141"/>
  <i image="die1_8.png" delay="120" x="-53" y="-141"/>
  <i image="die1_9.png" delay="120" x="-53" y="-141"/>
  <i image="die1_10.png" delay="120" x="-53" y="-141"/>
  <i image="die1_11.png" delay="120" x="-53" y="-141"/>
  <i image="die1_12.png" delay="120" x="-53" y="-141"/>
  <i image="die1_13.png" delay="120" x="-53" y="-141"/>
  <i image="die1_14.png" delay="120" x="-53" y="-141"/>
  <i image="die1_15.png" delay="120" x="-53" y="-141"/>
  <i image="die1_16.png" delay="120" x="-53" y="-141"/>
  <i image="die1_17.png" delay="120" x="-53" y="-141"/>
  <i image="die1_18.png" delay="120" x="-53" y="-141"/>
  <i image="die2_0.png" delay="120" x="-24" y="-109"/>
  <i image="die2_1.png" delay="120" x="-24" y="-109"/>
  <i image="die2_2.png" delay="120" x="-24" y="-109"/>
  <i image="die2_3.png" delay="120" x="-24" y="-109"/>
  <i image="die2_4.png" delay="120" x="-24" y="-109"/>
  <i image="die2_5.png" delay="120" x="-24" y="-109"/>
  <i image="die2_6.png" delay="120" x="-24" y="-109"/>
  <i image="die2_7.png" delay="120" x="-24" y="-109"/>
  <i image="die2_8.png" delay="120" x="-24" y="-109"/>
  <i image="die2_9.png" delay="120" x="-24" y="-109"/>
  <i image="die2_10.png" delay="120" x="-24" y="-109"/>
  <i image="die2_11.png" delay="120" x="-24" y="-109"/>
  <i image="die2_12.png" delay="120" x="-24" y="-109"/>
  <i image="die2_13.png" delay="120" x="-24" y="-109"/>
</i>