<i>
  <i image="stand_0.png" delay="180" x="-63" y="-83"/>
  <i image="stand_1.png" delay="180" x="-63" y="-83"/>
  <i image="stand_2.png" delay="180" x="-63" y="-83"/>
  <i image="stand_3.png" delay="180" x="-63" y="-83"/>
  <i image="move_0.png" delay="120" x="-62" y="-85"/>
  <i image="move_1.png" delay="120" x="-62" y="-85"/>
  <i image="move_2.png" delay="120" x="-62" y="-85"/>
  <i image="move_3.png" delay="120" x="-62" y="-85"/>
  <i image="move_4.png" delay="120" x="-62" y="-85"/>
  <i image="move_5.png" delay="120" x="-62" y="-85"/>
  <i image="attack1.info.ball_0.png" delay="60" x="-74" y="-71"/>
  <i image="attack1.info.ball_1.png" delay="60" x="-74" y="-71"/>
  <i image="attack1.info.ball_2.png" delay="60" x="-74" y="-71"/>
  <i image="attack1.info.ball_3.png" delay="60" x="-74" y="-71"/>
  <i image="attack1.info.hit_0.png" delay="90" x="-47" y="-85"/>
  <i image="attack1.info.hit_1.png" delay="90" x="-47" y="-85"/>
  <i image="attack1.info.hit_2.png" delay="90" x="-47" y="-85"/>
  <i image="attack1.info.hit_3.png" delay="100" x="-47" y="-85"/>
  <i image="attack1_0.png" delay="90" x="-192" y="-242"/>
  <i image="attack1_1.png" delay="90" x="-192" y="-242"/>
  <i image="attack1_2.png" delay="90" x="-192" y="-242"/>
  <i image="attack1_3.png" delay="90" x="-192" y="-242"/>
  <i image="attack1_4.png" delay="90" x="-192" y="-242"/>
  <i image="attack1_5.png" delay="90" x="-192" y="-242"/>
  <i image="attack1_6.png" delay="90" x="-192" y="-242"/>
  <i image="attack1_7.png" delay="90" x="-192" y="-242"/>
  <i image="attack1_8.png" delay="90" x="-192" y="-242"/>
  <i image="attack1_9.png" delay="90" x="-192" y="-242"/>
  <i image="attack1_10.png" delay="90" x="-192" y="-242"/>
  <i image="attack1_11.png" delay="90" x="-192" y="-242"/>
  <i image="attack1_12.png" delay="90" x="-192" y="-242"/>
  <i image="attack1_13.png" delay="90" x="-192" y="-242"/>
  <i image="attack1_14.png" delay="90" x="-192" y="-242"/>
  <i image="attack1_15.png" delay="90" x="-192" y="-242"/>
  <i image="attack1_16.png" delay="90" x="-192" y="-242"/>
  <i image="attack1_17.png" delay="90" x="-192" y="-242"/>
  <i image="attack2.info.hit_0.png" delay="90" x="-90" y="-241"/>
  <i image="attack2.info.hit_1.png" delay="90" x="-90" y="-241"/>
  <i image="attack2.info.hit_2.png" delay="90" x="-90" y="-241"/>
  <i image="attack2.info.hit_3.png" delay="90" x="-90" y="-241"/>
  <i image="attack2.info.hit_4.png" delay="90" x="-90" y="-241"/>
  <i image="attack2.info.hit_5.png" delay="90" x="-90" y="-241"/>
  <i image="attack2.info.hit_6.png" delay="90" x="-90" y="-241"/>
  <i image="attack2.info.hit_7.png" delay="90" x="-90" y="-241"/>
  <i image="attack2.info.hit_8.png" delay="90" x="-90" y="-241"/>
  <i image="attack2.info.hit_9.png" delay="90" x="-90" y="-241"/>
  <i image="attack2_0.png" delay="60" x="-93" y="-246"/>
  <i image="attack2_1.png" delay="60" x="-93" y="-246"/>
  <i image="attack2_2.png" delay="60" x="-93" y="-246"/>
  <i image="attack2_3.png" delay="60" x="-93" y="-246"/>
  <i image="attack2_4.png" delay="60" x="-93" y="-246"/>
  <i image="attack2_5.png" delay="60" x="-93" y="-246"/>
  <i image="attack2_6.png" delay="60" x="-93" y="-246"/>
  <i image="attack2_7.png" delay="60" x="-93" y="-246"/>
  <i image="attack2_8.png" delay="60" x="-93" y="-246"/>
  <i image="attack2_9.png" delay="60" x="-93" y="-246"/>
  <i image="attack2_10.png" delay="60" x="-93" y="-246"/>
  <i image="attack2_11.png" delay="60" x="-93" y="-246"/>
  <i image="attack2_12.png" delay="60" x="-93" y="-246"/>
  <i image="attack2_13.png" delay="60" x="-93" y="-246"/>
  <i image="attack2_14.png" delay="60" x="-93" y="-246"/>
  <i image="attack2_15.png" delay="60" x="-93" y="-246"/>
  <i image="attack2_16.png" delay="60" x="-93" y="-246"/>
  <i image="attack2_17.png" delay="60" x="-93" y="-246"/>
  <i image="attack2_18.png" delay="60" x="-93" y="-246"/>
  <i image="attack2_19.png" delay="60" x="-93" y="-246"/>
  <i image="attack2_20.png" delay="90" x="-93" y="-246"/>
  <i image="attack2_21.png" delay="90" x="-93" y="-246"/>
  <i image="attack2_22.png" delay="90" x="-93" y="-246"/>
  <i image="attack2_23.png" delay="90" x="-93" y="-246"/>
  <i image="attack3.info.effect_0.png" delay="30" x="-92" y="-124"/>
  <i image="attack3.info.effect_1.png" delay="30" x="-92" y="-124"/>
  <i image="attack3.info.effect_2.png" delay="30" x="-92" y="-124"/>
  <i image="attack3.info.effect_3.png" delay="30" x="-92" y="-124"/>
  <i image="attack3.info.effect_4.png" delay="30" x="-92" y="-124"/>
  <i image="attack3.info.effect_5.png" delay="75" x="-92" y="-124"/>
  <i image="attack3.info.effect_6.png" delay="75" x="-92" y="-124"/>
  <i image="attack3.info.effect_7.png" delay="75" x="-92" y="-124"/>
  <i image="attack3.info.effect_8.png" delay="75" x="-92" y="-124"/>
  <i image="attack3.info.effect_9.png" delay="120" x="-92" y="-124"/>
  <i image="attack3.info.effect_10.png" delay="120" x="-92" y="-124"/>
  <i image="attack3.info.effect_11.png" delay="120" x="-92" y="-124"/>
  <i image="attack3.info.effect_12.png" delay="120" x="-92" y="-124"/>
  <i image="attack3.info.effect_13.png" delay="120" x="-92" y="-124"/>
  <i image="attack3.info.hit_0.png" delay="120" x="-92" y="-118"/>
  <i image="attack3.info.hit_1.png" delay="120" x="-92" y="-118"/>
  <i image="attack3.info.hit_2.png" delay="120" x="-92" y="-118"/>
  <i image="attack3.info.hit_3.png" delay="120" x="-92" y="-118"/>
  <i image="attack3.info.hit_4.png" delay="120" x="-92" y="-118"/>
  <i image="attack3_0.png" delay="90" x="-80" y="-116"/>
  <i image="attack3_1.png" delay="90" x="-80" y="-116"/>
  <i image="attack3_2.png" delay="90" x="-80" y="-116"/>
  <i image="attack3_3.png" delay="90" x="-80" y="-116"/>
  <i image="attack3_4.png" delay="90" x="-80" y="-116"/>
  <i image="attack3_5.png" delay="90" x="-80" y="-116"/>
  <i image="attack3_6.png" delay="90" x="-80" y="-116"/>
  <i image="attack3_7.png" delay="90" x="-80" y="-116"/>
  <i image="attack3_8.png" delay="720" x="-80" y="-116"/>
  <i image="attack3_9.png" delay="90" x="-80" y="-116"/>
  <i image="attack3_10.png" delay="90" x="-80" y="-116"/>
  <i image="attack3_11.png" delay="90" x="-80" y="-116"/>
  <i image="skill1_0.png" delay="90" x="-65" y="-215"/>
  <i image="skill1_1.png" delay="90" x="-65" y="-215"/>
  <i image="skill1_2.png" delay="90" x="-65" y="-215"/>
  <i image="skill1_3.png" delay="90" x="-65" y="-215"/>
  <i image="skill1_4.png" delay="90" x="-65" y="-215"/>
  <i image="skill1_5.png" delay="90" x="-65" y="-215"/>
  <i image="skill1_6.png" delay="90" x="-65" y="-215"/>
  <i image="skill1_7.png" delay="90" x="-65" y="-215"/>
  <i image="skill1_8.png" delay="90" x="-65" y="-215"/>
  <i image="skill1_9.png" delay="90" x="-65" y="-215"/>
  <i image="skill1_10.png" delay="90" x="-65" y="-215"/>
  <i image="skill1_11.png" delay="90" x="-65" y="-215"/>
  <i image="skill1_12.png" delay="90" x="-65" y="-215"/>
  <i image="skill1_13.png" delay="90" x="-65" y="-215"/>
  <i image="skill1_14.png" delay="90" x="-65" y="-215"/>
  <i image="skill1_15.png" delay="90" x="-65" y="-215"/>
  <i image="skill1_16.png" delay="90" x="-65" y="-215"/>
  <i image="skill1_17.png" delay="90" x="-65" y="-215"/>
  <i image="skill1_18.png" delay="90" x="-65" y="-215"/>
  <i image="skill1_19.png" delay="90" x="-65" y="-215"/>
  <i image="skill1_20.png" delay="90" x="-65" y="-215"/>
  <i image="skill1_21.png" delay="270" x="-65" y="-215"/>
  <i image="skill2_0.png" delay="150" x="-42" y="-112"/>
  <i image="skill2_1.png" delay="500" x="-42" y="-112"/>
  <i image="hit1_0.png" delay="300" x="-30" y="-100"/>
  <i image="die1_0.png" delay="120" x="-27" y="-113"/>
  <i image="die1_1.png" delay="120" x="-27" y="-113"/>
  <i image="die1_2.png" delay="120" x="-27" y="-113"/>
  <i image="die1_3.png" delay="120" x="-27" y="-113"/>
  <i image="die1_4.png" delay="120" x="-27" y="-113"/>
  <i image="die1_5.png" delay="120" x="-27" y="-113"/>
  <i image="die1_6.png" delay="120" x="-27" y="-113"/>
  <i image="die1_7.png" delay="120" x="-27" y="-113"/>
  <i image="die1_8.png" delay="120" x="-27" y="-113"/>
  <i image="die1_9.png" delay="120" x="-27" y="-113"/>
  <i image="die1_10.png" delay="120" x="-27" y="-113"/>
  <i image="die1_11.png" delay="120" x="-27" y="-113"/>
  <i image="die1_12.png" delay="120" x="-27" y="-113"/>
  <i image="die1_13.png" delay="120" x="-27" y="-113"/>
  <i image="chase_0.png" delay="90" x="-62" y="-85"/>
  <i image="chase_1.png" delay="90" x="-62" y="-85"/>
  <i image="chase_2.png" delay="90" x="-62" y="-85"/>
  <i image="chase_3.png" delay="90" x="-62" y="-85"/>
  <i image="chase_4.png" delay="90" x="-62" y="-85"/>
  <i image="chase_5.png" delay="90" x="-62" y="-85"/>
</i>