<i>
  <i image="stand_0.png" delay="180" x="-23" y="-65"/>
  <i image="stand_1.png" delay="180" x="-23" y="-65"/>
  <i image="stand_2.png" delay="180" x="-23" y="-65"/>
  <i image="stand_3.png" delay="180" x="-23" y="-65"/>
  <i image="move_0.png" delay="120" x="-32" y="-66"/>
  <i image="move_1.png" delay="120" x="-32" y="-66"/>
  <i image="move_2.png" delay="120" x="-32" y="-66"/>
  <i image="move_3.png" delay="120" x="-32" y="-66"/>
  <i image="attack1.info.hit_0.png" delay="100" x="-46" y="-50"/>
  <i image="attack1.info.hit_1.png" delay="100" x="-46" y="-50"/>
  <i image="attack1.info.hit_2.png" delay="100" x="-46" y="-50"/>
  <i image="attack1.info.hit_3.png" delay="100" x="-46" y="-50"/>
  <i image="attack1.info.hit_4.png" delay="100" x="-46" y="-50"/>
  <i image="attack1_0.png" delay="90" x="-240" y="-102"/>
  <i image="attack1_1.png" delay="90" x="-240" y="-102"/>
  <i image="attack1_2.png" delay="90" x="-240" y="-102"/>
  <i image="attack1_3.png" delay="90" x="-240" y="-102"/>
  <i image="attack1_4.png" delay="90" x="-240" y="-102"/>
  <i image="attack1_5.png" delay="90" x="-240" y="-102"/>
  <i image="attack1_6.png" delay="90" x="-240" y="-102"/>
  <i image="attack1_7.png" delay="90" x="-240" y="-102"/>
  <i image="attack1_8.png" delay="90" x="-240" y="-102"/>
  <i image="attack1_9.png" delay="90" x="-240" y="-102"/>
  <i image="attack1_10.png" delay="180" x="-240" y="-102"/>
  <i image="attack1_11.png" delay="180" x="-240" y="-102"/>
  <i image="attack1_12.png" delay="180" x="-240" y="-102"/>
  <i image="attack1_13.png" delay="180" x="-240" y="-102"/>
  <i image="attack1_14.png" delay="180" x="-240" y="-102"/>
  <i image="attack1_15.png" delay="180" x="-240" y="-102"/>
  <i image="attack2.info.hit.0_0.png" delay="60" x="-47" y="-46"/>
  <i image="attack2.info.hit.0_1.png" delay="60" x="-47" y="-46"/>
  <i image="attack2.info.hit.0_2.png" delay="60" x="-47" y="-46"/>
  <i image="attack2.info.hit.0_3.png" delay="60" x="-47" y="-46"/>
  <i image="attack2.info.hit.0_4.png" delay="60" x="-47" y="-46"/>
  <i image="attack2.info.hit.0_5.png" delay="60" x="-47" y="-46"/>
  <i image="attack2.info.hit.0_6.png" delay="60" x="-47" y="-46"/>
  <i image="attack2.info.hit.1_0.png" delay="60" x="-34" y="-37"/>
  <i image="attack2.info.hit.1_1.png" delay="60" x="-34" y="-37"/>
  <i image="attack2.info.hit.1_2.png" delay="60" x="-34" y="-37"/>
  <i image="attack2.info.hit.1_3.png" delay="60" x="-34" y="-37"/>
  <i image="attack2.info.hit.1_4.png" delay="60" x="-34" y="-37"/>
  <i image="attack2.info.hit.1_5.png" delay="60" x="-34" y="-37"/>
  <i image="attack2_0.png" delay="90" x="-154" y="-66"/>
  <i image="attack2_1.png" delay="90" x="-154" y="-66"/>
  <i image="attack2_2.png" delay="90" x="-154" y="-66"/>
  <i image="attack2_3.png" delay="90" x="-154" y="-66"/>
  <i image="attack2_4.png" delay="90" x="-154" y="-66"/>
  <i image="attack2_5.png" delay="90" x="-154" y="-66"/>
  <i image="attack2_6.png" delay="90" x="-154" y="-66"/>
  <i image="attack2_7.png" delay="90" x="-154" y="-66"/>
  <i image="attack2_8.png" delay="90" x="-154" y="-66"/>
  <i image="attack2_9.png" delay="90" x="-154" y="-66"/>
  <i image="attack2_10.png" delay="90" x="-154" y="-66"/>
  <i image="attack2_11.png" delay="90" x="-154" y="-66"/>
  <i image="attack2_12.png" delay="90" x="-154" y="-66"/>
  <i image="attack2_13.png" delay="90" x="-154" y="-66"/>
  <i image="attack2_14.png" delay="180" x="-154" y="-66"/>
  <i image="attack2_15.png" delay="180" x="-154" y="-66"/>
  <i image="attack2_16.png" delay="180" x="-154" y="-66"/>
  <i image="attack2_17.png" delay="180" x="-154" y="-66"/>
  <i image="attack2_18.png" delay="180" x="-154" y="-66"/>
  <i image="attack2_19.png" delay="180" x="-154" y="-66"/>
  <i image="hit1_0.png" delay="300" x="-26" y="-78"/>
  <i image="die1_0.png" delay="120" x="-34" y="-104"/>
  <i image="die1_1.png" delay="120" x="-34" y="-104"/>
  <i image="die1_2.png" delay="120" x="-34" y="-104"/>
  <i image="die1_3.png" delay="120" x="-34" y="-104"/>
  <i image="die1_4.png" delay="120" x="-34" y="-104"/>
  <i image="die1_5.png" delay="120" x="-34" y="-104"/>
  <i image="die1_6.png" delay="120" x="-34" y="-104"/>
  <i image="die1_7.png" delay="120" x="-34" y="-104"/>
  <i image="die1_8.png" delay="120" x="-34" y="-104"/>
</i>