<i>
  <i image="move_0.png" delay="100" x="-81" y="-101"/>
  <i image="move_1.png" delay="100" x="-81" y="-101"/>
  <i image="move_2.png" delay="100" x="-81" y="-101"/>
  <i image="move_3.png" delay="100" x="-81" y="-101"/>
  <i image="move_4.png" delay="100" x="-81" y="-101"/>
  <i image="move_5.png" delay="100" x="-81" y="-101"/>
  <i image="stand_0.png" delay="100" x="-80" y="-103"/>
  <i image="stand_1.png" delay="100" x="-80" y="-103"/>
  <i image="stand_2.png" delay="100" x="-80" y="-103"/>
  <i image="stand_3.png" delay="100" x="-80" y="-103"/>
  <i image="stand_4.png" delay="100" x="-80" y="-103"/>
  <i image="stand_5.png" delay="100" x="-80" y="-103"/>
  <i image="attack1.info.hit_0.png" delay="120" x="-71" y="-46"/>
  <i image="attack1.info.hit_1.png" delay="120" x="-71" y="-46"/>
  <i image="attack1.info.hit_2.png" delay="120" x="-71" y="-46"/>
  <i image="attack1.info.hit_3.png" delay="120" x="-71" y="-46"/>
  <i image="attack1_0.png" delay="120" x="-201" y="-135"/>
  <i image="attack1_1.png" delay="120" x="-201" y="-135"/>
  <i image="attack1_2.png" delay="120" x="-201" y="-135"/>
  <i image="attack1_3.png" delay="120" x="-201" y="-135"/>
  <i image="attack1_4.png" delay="120" x="-201" y="-135"/>
  <i image="attack1_5.png" delay="120" x="-201" y="-135"/>
  <i image="attack1_6.png" delay="120" x="-201" y="-135"/>
  <i image="attack1_7.png" delay="120" x="-201" y="-135"/>
  <i image="attack1_8.png" delay="120" x="-201" y="-135"/>
  <i image="attack1_9.png" delay="120" x="-201" y="-135"/>
  <i image="attack1_10.png" delay="120" x="-201" y="-135"/>
  <i image="attack1_11.png" delay="120" x="-201" y="-135"/>
  <i image="attack1_12.png" delay="120" x="-201" y="-135"/>
  <i image="attack1_13.png" delay="120" x="-201" y="-135"/>
  <i image="attack2.info.hit_0.png" delay="120" x="-87" y="-65"/>
  <i image="attack2.info.hit_1.png" delay="120" x="-87" y="-65"/>
  <i image="attack2.info.hit_2.png" delay="120" x="-87" y="-65"/>
  <i image="attack2.info.hit_3.png" delay="120" x="-87" y="-65"/>
  <i image="attack2.info.hit_4.png" delay="120" x="-87" y="-65"/>
  <i image="attack2_0.png" delay="120" x="-551" y="-139"/>
  <i image="attack2_1.png" delay="120" x="-551" y="-139"/>
  <i image="attack2_2.png" delay="120" x="-551" y="-139"/>
  <i image="attack2_3.png" delay="120" x="-551" y="-139"/>
  <i image="attack2_4.png" delay="120" x="-551" y="-139"/>
  <i image="attack2_5.png" delay="120" x="-551" y="-139"/>
  <i image="attack2_6.png" delay="120" x="-551" y="-139"/>
  <i image="attack2_7.png" delay="120" x="-551" y="-139"/>
  <i image="attack2_8.png" delay="120" x="-551" y="-139"/>
  <i image="attack2_9.png" delay="120" x="-551" y="-139"/>
  <i image="attack2_10.png" delay="120" x="-551" y="-139"/>
  <i image="attack2_11.png" delay="120" x="-551" y="-139"/>
  <i image="attack2_12.png" delay="120" x="-551" y="-139"/>
  <i image="attack2_13.png" delay="120" x="-551" y="-139"/>
  <i image="attack2_14.png" delay="120" x="-551" y="-139"/>
  <i image="attack2_15.png" delay="120" x="-551" y="-139"/>
  <i image="attack2_16.png" delay="120" x="-551" y="-139"/>
  <i image="attack2_17.png" delay="120" x="-551" y="-139"/>
  <i image="attack2_18.png" delay="120" x="-551" y="-139"/>
  <i image="attack3.info.hit_0.png" delay="120" x="-127" y="-116"/>
  <i image="attack3.info.hit_1.png" delay="120" x="-127" y="-116"/>
  <i image="attack3.info.hit_2.png" delay="120" x="-127" y="-116"/>
  <i image="attack3.info.hit_3.png" delay="120" x="-127" y="-116"/>
  <i image="attack3.info.hit_4.png" delay="120" x="-127" y="-116"/>
  <i image="attack3.info.hit_5.png" delay="120" x="-127" y="-116"/>
  <i image="attack3.info.hit_6.png" delay="120" x="-127" y="-116"/>
  <i image="attack3_0.png" delay="120" x="-529" y="-103"/>
  <i image="attack3_1.png" delay="120" x="-529" y="-103"/>
  <i image="attack3_2.png" delay="120" x="-529" y="-103"/>
  <i image="attack3_3.png" delay="120" x="-529" y="-103"/>
  <i image="attack3_4.png" delay="120" x="-529" y="-103"/>
  <i image="attack3_5.png" delay="120" x="-529" y="-103"/>
  <i image="attack3_6.png" delay="120" x="-529" y="-103"/>
  <i image="attack3_7.png" delay="120" x="-529" y="-103"/>
  <i image="attack3_8.png" delay="120" x="-529" y="-103"/>
  <i image="attack3_9.png" delay="120" x="-529" y="-103"/>
  <i image="attack3_10.png" delay="120" x="-529" y="-103"/>
  <i image="attack3_11.png" delay="120" x="-529" y="-103"/>
  <i image="attack3_12.png" delay="120" x="-529" y="-103"/>
  <i image="attack3_13.png" delay="120" x="-529" y="-103"/>
  <i image="attack3_14.png" delay="120" x="-529" y="-103"/>
  <i image="attack3_15.png" delay="120" x="-529" y="-103"/>
  <i image="attack3_16.png" delay="120" x="-529" y="-103"/>
  <i image="attack3_17.png" delay="120" x="-529" y="-103"/>
  <i image="attack3_18.png" delay="120" x="-529" y="-103"/>
  <i image="attack3_19.png" delay="120" x="-529" y="-103"/>
  <i image="attack3_20.png" delay="120" x="-529" y="-103"/>
  <i image="attack3_21.png" delay="120" x="-529" y="-103"/>
  <i image="attack3_22.png" delay="120" x="-529" y="-103"/>
  <i image="hit1_0.png" delay="150" x="-68" y="-106"/>
  <i image="die1_0.png" delay="120" x="-68" y="-107"/>
  <i image="die1_1.png" delay="120" x="-68" y="-107"/>
  <i image="die1_2.png" delay="120" x="-68" y="-107"/>
  <i image="die1_3.png" delay="120" x="-68" y="-107"/>
  <i image="die1_4.png" delay="120" x="-68" y="-107"/>
  <i image="die1_5.png" delay="120" x="-68" y="-107"/>
  <i image="die1_6.png" delay="120" x="-68" y="-107"/>
  <i image="die1_7.png" delay="120" x="-68" y="-107"/>
  <i image="die1_8.png" delay="120" x="-68" y="-107"/>
  <i image="die1_9.png" delay="120" x="-68" y="-107"/>
  <i image="die1_10.png" delay="3000" x="-68" y="-107"/>
</i>