<i>
  <i image="walk_0.png" delay="180" x="-29" y="-68"/>
  <i image="walk_1.png" delay="180" x="-29" y="-68"/>
  <i image="walk_2.png" delay="180" x="-29" y="-68"/>
  <i image="walk_3.png" delay="180" x="-29" y="-68"/>
  <i image="stand_0.png" delay="180" x="-26" y="-58"/>
  <i image="stand_1.png" delay="180" x="-26" y="-58"/>
  <i image="prone_0.png" delay="180" x="-26" y="-55"/>
  <i image="fly_0.png" delay="180" x="-29" y="-68"/>
  <i image="fly_1.png" delay="180" x="-29" y="-68"/>
  <i image="fly_2.png" delay="180" x="-29" y="-68"/>
  <i image="fly_3.png" delay="180" x="-29" y="-68"/>
  <i image="jump_0.png" delay="100" x="-25" y="-68"/>
</i>