<i>
  <i image="move_0.png" delay="150" x="-82" y="-146"/>
  <i image="move_1.png" delay="150" x="-82" y="-146"/>
  <i image="move_2.png" delay="150" x="-82" y="-146"/>
  <i image="move_3.png" delay="150" x="-82" y="-146"/>
  <i image="move_4.png" delay="150" x="-82" y="-146"/>
  <i image="move_5.png" delay="150" x="-82" y="-146"/>
  <i image="move_6.png" delay="150" x="-82" y="-146"/>
  <i image="move_7.png" delay="150" x="-82" y="-146"/>
  <i image="move_8.png" delay="150" x="-82" y="-146"/>
  <i image="move_9.png" delay="150" x="-82" y="-146"/>
  <i image="stand_0.png" delay="150" x="-78" y="-141"/>
  <i image="stand_1.png" delay="150" x="-78" y="-141"/>
  <i image="stand_2.png" delay="150" x="-78" y="-141"/>
  <i image="stand_3.png" delay="150" x="-78" y="-141"/>
  <i image="stand_4.png" delay="150" x="-78" y="-141"/>
  <i image="attack1.info.hit_0.png" delay="120" x="-85" y="-98"/>
  <i image="attack1.info.hit_1.png" delay="120" x="-85" y="-98"/>
  <i image="attack1.info.hit_2.png" delay="120" x="-85" y="-98"/>
  <i image="attack1.info.hit_3.png" delay="120" x="-85" y="-98"/>
  <i image="attack1.info.hit_4.png" delay="120" x="-85" y="-98"/>
  <i image="attack1.info.hit_5.png" delay="120" x="-85" y="-98"/>
  <i image="attack1_0.png" delay="120" x="-161" y="-224"/>
  <i image="attack1_1.png" delay="120" x="-161" y="-224"/>
  <i image="attack1_2.png" delay="120" x="-161" y="-224"/>
  <i image="attack1_3.png" delay="120" x="-161" y="-224"/>
  <i image="attack1_4.png" delay="120" x="-161" y="-224"/>
  <i image="attack1_5.png" delay="120" x="-161" y="-224"/>
  <i image="attack1_6.png" delay="120" x="-161" y="-224"/>
  <i image="attack1_7.png" delay="120" x="-161" y="-224"/>
  <i image="attack1_8.png" delay="120" x="-161" y="-224"/>
  <i image="attack1_9.png" delay="120" x="-161" y="-224"/>
  <i image="attack1_10.png" delay="120" x="-161" y="-224"/>
  <i image="attack1_11.png" delay="120" x="-161" y="-224"/>
  <i image="attack1_12.png" delay="120" x="-161" y="-224"/>
  <i image="attack1_13.png" delay="120" x="-161" y="-224"/>
  <i image="attack1_14.png" delay="120" x="-161" y="-224"/>
  <i image="attack1_15.png" delay="120" x="-161" y="-224"/>
  <i image="attack1_16.png" delay="120" x="-161" y="-224"/>
  <i image="attack1_17.png" delay="120" x="-161" y="-224"/>
  <i image="attack1_18.png" delay="120" x="-161" y="-224"/>
  <i image="hit1_0.png" delay="480" x="-69" y="-153"/>
  <i image="die1_0.png" delay="150" x="-78" y="-153"/>
  <i image="die1_1.png" delay="150" x="-78" y="-153"/>
  <i image="die1_2.png" delay="150" x="-78" y="-153"/>
  <i image="die1_3.png" delay="150" x="-78" y="-153"/>
  <i image="die1_4.png" delay="150" x="-78" y="-153"/>
  <i image="die1_5.png" delay="150" x="-78" y="-153"/>
  <i image="die1_6.png" delay="150" x="-78" y="-153"/>
  <i image="die1_7.png" delay="150" x="-78" y="-153"/>
  <i image="die1_8.png" delay="150" x="-78" y="-153"/>
  <i image="die1_9.png" delay="150" x="-78" y="-153"/>
  <i image="die1_10.png" delay="150" x="-78" y="-153"/>
  <i image="die1_11.png" delay="150" x="-78" y="-153"/>
  <i image="die1_12.png" delay="150" x="-78" y="-153"/>
  <i image="die1_13.png" delay="150" x="-78" y="-153"/>
  <i image="die1_14.png" delay="150" x="-78" y="-153"/>
  <i image="die1_15.png" delay="150" x="-78" y="-153"/>
  <i image="die1_16.png" delay="150" x="-78" y="-153"/>
  <i image="die1_17.png" delay="150" x="-78" y="-153"/>
  <i image="die1_18.png" delay="150" x="-78" y="-153"/>
</i>