<i>
  <i image="stand_0.png" delay="120" x="-298" y="-508"/>
  <i image="stand_1.png" delay="120" x="-298" y="-508"/>
  <i image="stand_2.png" delay="120" x="-298" y="-508"/>
  <i image="stand_3.png" delay="120" x="-298" y="-508"/>
  <i image="stand_4.png" delay="120" x="-298" y="-508"/>
  <i image="stand_5.png" delay="120" x="-298" y="-508"/>
  <i image="move_0.png" delay="120" x="-304" y="-524"/>
  <i image="move_1.png" delay="120" x="-304" y="-524"/>
  <i image="move_2.png" delay="120" x="-304" y="-524"/>
  <i image="move_3.png" delay="120" x="-304" y="-524"/>
  <i image="move_4.png" delay="120" x="-304" y="-524"/>
  <i image="move_5.png" delay="120" x="-304" y="-524"/>
  <i image="move_6.png" delay="120" x="-304" y="-524"/>
  <i image="move_7.png" delay="120" x="-304" y="-524"/>
  <i image="move_8.png" delay="120" x="-304" y="-524"/>
  <i image="move_9.png" delay="120" x="-304" y="-524"/>
  <i image="move_10.png" delay="120" x="-304" y="-524"/>
  <i image="move_11.png" delay="120" x="-304" y="-524"/>
  <i image="move_12.png" delay="120" x="-304" y="-524"/>
  <i image="move_13.png" delay="120" x="-304" y="-524"/>
  <i image="move_14.png" delay="120" x="-304" y="-524"/>
  <i image="move_15.png" delay="120" x="-304" y="-524"/>
  <i image="move_16.png" delay="120" x="-304" y="-524"/>
  <i image="move_17.png" delay="120" x="-304" y="-524"/>
  <i image="attack1_0.png" delay="120" x="-462" y="-583"/>
  <i image="attack1_1.png" delay="120" x="-462" y="-583"/>
  <i image="attack1_2.png" delay="120" x="-462" y="-583"/>
  <i image="attack1_3.png" delay="120" x="-462" y="-583"/>
  <i image="attack1_4.png" delay="120" x="-462" y="-583"/>
  <i image="attack1_5.png" delay="120" x="-462" y="-583"/>
  <i image="attack1_6.png" delay="120" x="-462" y="-583"/>
  <i image="attack1_7.png" delay="120" x="-462" y="-583"/>
  <i image="attack1_8.png" delay="120" x="-462" y="-583"/>
  <i image="attack1_9.png" delay="120" x="-462" y="-583"/>
  <i image="attack1_10.png" delay="120" x="-462" y="-583"/>
  <i image="attack1_11.png" delay="120" x="-462" y="-583"/>
  <i image="attack1_12.png" delay="120" x="-462" y="-583"/>
  <i image="attack1_13.png" delay="120" x="-462" y="-583"/>
  <i image="attack1_14.png" delay="120" x="-462" y="-583"/>
  <i image="attack1_15.png" delay="120" x="-462" y="-583"/>
  <i image="attack1_16.png" delay="120" x="-462" y="-583"/>
  <i image="attack1_17.png" delay="120" x="-462" y="-583"/>
  <i image="attack1_18.png" delay="120" x="-462" y="-583"/>
  <i image="attack1_19.png" delay="120" x="-462" y="-583"/>
  <i image="attack1_20.png" delay="120" x="-462" y="-583"/>
  <i image="attack1_21.png" delay="120" x="-462" y="-583"/>
  <i image="attack1_22.png" delay="120" x="-462" y="-583"/>
  <i image="attack1.info.hit_0.png" delay="120" x="-85" y="-107"/>
  <i image="attack1.info.hit_1.png" delay="120" x="-85" y="-107"/>
  <i image="attack1.info.hit_2.png" delay="120" x="-85" y="-107"/>
  <i image="attack1.info.hit_3.png" delay="120" x="-85" y="-107"/>
  <i image="attack1.info.hit_4.png" delay="120" x="-85" y="-107"/>
  <i image="attack1.info.hit_5.png" delay="120" x="-85" y="-107"/>
  <i image="attack2_0.png" delay="120" x="-508" y="-618"/>
  <i image="attack2_1.png" delay="120" x="-508" y="-618"/>
  <i image="attack2_2.png" delay="120" x="-508" y="-618"/>
  <i image="attack2_3.png" delay="120" x="-508" y="-618"/>
  <i image="attack2_4.png" delay="120" x="-508" y="-618"/>
  <i image="attack2_5.png" delay="120" x="-508" y="-618"/>
  <i image="attack2_6.png" delay="120" x="-508" y="-618"/>
  <i image="attack2_7.png" delay="120" x="-508" y="-618"/>
  <i image="attack2_8.png" delay="120" x="-508" y="-618"/>
  <i image="attack2_9.png" delay="120" x="-508" y="-618"/>
  <i image="attack2_10.png" delay="90" x="-508" y="-618"/>
  <i image="attack2_11.png" delay="90" x="-508" y="-618"/>
  <i image="attack2_12.png" delay="90" x="-508" y="-618"/>
  <i image="attack2_13.png" delay="90" x="-508" y="-618"/>
  <i image="attack2_14.png" delay="90" x="-508" y="-618"/>
  <i image="attack2_15.png" delay="150" x="-508" y="-618"/>
  <i image="attack2_16.png" delay="150" x="-508" y="-618"/>
  <i image="attack2_17.png" delay="150" x="-508" y="-618"/>
  <i image="attack2_18.png" delay="120" x="-508" y="-618"/>
  <i image="attack2_19.png" delay="120" x="-508" y="-618"/>
  <i image="attack2_20.png" delay="120" x="-508" y="-618"/>
  <i image="attack2_21.png" delay="120" x="-508" y="-618"/>
  <i image="attack2_22.png" delay="120" x="-508" y="-618"/>
  <i image="attack2_23.png" delay="120" x="-508" y="-618"/>
  <i image="attack2.info.hit_0.png" delay="100" x="-338" y="-116"/>
  <i image="attack2.info.hit_1.png" delay="100" x="-338" y="-116"/>
  <i image="attack2.info.hit_2.png" delay="100" x="-338" y="-116"/>
  <i image="attack2.info.hit_3.png" delay="100" x="-338" y="-116"/>
  <i image="attack2.info.hit_4.png" delay="100" x="-338" y="-116"/>
  <i image="attack2.info.hit_5.png" delay="100" x="-338" y="-116"/>
  <i image="attack3_0.png" delay="150" x="-382" y="-516"/>
  <i image="attack3_1.png" delay="150" x="-382" y="-516"/>
  <i image="attack3_2.png" delay="150" x="-382" y="-516"/>
  <i image="attack3_3.png" delay="150" x="-382" y="-516"/>
  <i image="attack3_4.png" delay="150" x="-382" y="-516"/>
  <i image="attack3_5.png" delay="150" x="-382" y="-516"/>
  <i image="attack3_6.png" delay="150" x="-382" y="-516"/>
  <i image="attack3_7.png" delay="150" x="-382" y="-516"/>
  <i image="attack3_8.png" delay="150" x="-382" y="-516"/>
  <i image="attack3_9.png" delay="150" x="-382" y="-516"/>
  <i image="attack3_10.png" delay="150" x="-382" y="-516"/>
  <i image="attack3_11.png" delay="150" x="-382" y="-516"/>
  <i image="attack3_12.png" delay="150" x="-382" y="-516"/>
  <i image="attack3_13.png" delay="150" x="-382" y="-516"/>
  <i image="attack3_14.png" delay="150" x="-382" y="-516"/>
  <i image="attack3_15.png" delay="150" x="-382" y="-516"/>
  <i image="attack3_16.png" delay="150" x="-382" y="-516"/>
  <i image="attack3_17.png" delay="150" x="-382" y="-516"/>
  <i image="attack3_18.png" delay="120" x="-382" y="-516"/>
  <i image="attack3_19.png" delay="120" x="-382" y="-516"/>
  <i image="attack3_20.png" delay="120" x="-382" y="-516"/>
  <i image="attack3_21.png" delay="120" x="-382" y="-516"/>
  <i image="attack3_22.png" delay="120" x="-382" y="-516"/>
  <i image="attack3_23.png" delay="120" x="-382" y="-516"/>
  <i image="attack3.info.hit_0.png" delay="90" x="-53" y="-74"/>
  <i image="attack3.info.hit_1.png" delay="90" x="-53" y="-74"/>
  <i image="attack3.info.hit_2.png" delay="90" x="-53" y="-74"/>
  <i image="attack3.info.hit_3.png" delay="90" x="-53" y="-74"/>
  <i image="attack3.info.hit_4.png" delay="90" x="-53" y="-74"/>
  <i image="attack3.info.hit_5.png" delay="90" x="-53" y="-74"/>
  <i image="attack3.info.hit_6.png" delay="90" x="-53" y="-74"/>
  <i image="attack3.info.hit_7.png" delay="90" x="-53" y="-74"/>
  <i image="attack4_0.png" delay="120" x="-771" y="-531"/>
  <i image="attack4_1.png" delay="120" x="-771" y="-531"/>
  <i image="attack4_2.png" delay="120" x="-771" y="-531"/>
  <i image="attack4_3.png" delay="90" x="-771" y="-531"/>
  <i image="attack4_4.png" delay="90" x="-771" y="-531"/>
  <i image="attack4_5.png" delay="90" x="-771" y="-531"/>
  <i image="attack4_6.png" delay="90" x="-771" y="-531"/>
  <i image="attack4_7.png" delay="90" x="-771" y="-531"/>
  <i image="attack4_8.png" delay="90" x="-771" y="-531"/>
  <i image="attack4_9.png" delay="90" x="-771" y="-531"/>
  <i image="attack4_10.png" delay="90" x="-771" y="-531"/>
  <i image="attack4_11.png" delay="60" x="-771" y="-531"/>
  <i image="attack4_12.png" delay="60" x="-771" y="-531"/>
  <i image="attack4_13.png" delay="60" x="-771" y="-531"/>
  <i image="attack4_14.png" delay="60" x="-771" y="-531"/>
  <i image="attack4_15.png" delay="60" x="-771" y="-531"/>
  <i image="attack4_16.png" delay="60" x="-771" y="-531"/>
  <i image="attack4_17.png" delay="60" x="-771" y="-531"/>
  <i image="attack4_18.png" delay="60" x="-771" y="-531"/>
  <i image="attack4_19.png" delay="60" x="-771" y="-531"/>
  <i image="attack4_20.png" delay="60" x="-771" y="-531"/>
  <i image="attack4_21.png" delay="90" x="-771" y="-531"/>
  <i image="attack4_22.png" delay="90" x="-771" y="-531"/>
  <i image="attack4_23.png" delay="90" x="-771" y="-531"/>
  <i image="attack4_24.png" delay="90" x="-771" y="-531"/>
  <i image="attack4_25.png" delay="90" x="-771" y="-531"/>
  <i image="attack4_26.png" delay="90" x="-771" y="-531"/>
  <i image="attack4_27.png" delay="90" x="-771" y="-531"/>
  <i image="attack4_28.png" delay="90" x="-771" y="-531"/>
  <i image="attack4_29.png" delay="90" x="-771" y="-531"/>
  <i image="attack4_30.png" delay="90" x="-771" y="-531"/>
  <i image="attack4_31.png" delay="90" x="-771" y="-531"/>
  <i image="attack4_32.png" delay="90" x="-771" y="-531"/>
  <i image="attack4_33.png" delay="120" x="-771" y="-531"/>
  <i image="attack4_34.png" delay="120" x="-771" y="-531"/>
  <i image="attack4_35.png" delay="120" x="-771" y="-531"/>
  <i image="attack4_36.png" delay="120" x="-771" y="-531"/>
  <i image="attack4_37.png" delay="120" x="-771" y="-531"/>
  <i image="attack4_38.png" delay="120" x="-771" y="-531"/>
  <i image="attack4_39.png" delay="120" x="-771" y="-531"/>
  <i image="attack4.info.hit_0.png" delay="120" x="-51" y="-53"/>
  <i image="attack4.info.hit_1.png" delay="120" x="-51" y="-53"/>
  <i image="attack4.info.hit_2.png" delay="120" x="-51" y="-53"/>
  <i image="attack4.info.hit_3.png" delay="120" x="-51" y="-53"/>
  <i image="attack4.info.hit_4.png" delay="120" x="-51" y="-53"/>
  <i image="attack4.info.hit_5.png" delay="120" x="-51" y="-53"/>
  <i image="attack4.info.hit_6.png" delay="100" x="-51" y="-53"/>
  <i image="attack5_0.png" delay="120" x="-509" y="-508"/>
  <i image="attack5_1.png" delay="120" x="-509" y="-508"/>
  <i image="attack5_2.png" delay="120" x="-509" y="-508"/>
  <i image="attack5_3.png" delay="120" x="-509" y="-508"/>
  <i image="attack5_4.png" delay="90" x="-509" y="-508"/>
  <i image="attack5_5.png" delay="90" x="-509" y="-508"/>
  <i image="attack5_6.png" delay="90" x="-509" y="-508"/>
  <i image="attack5_7.png" delay="60" x="-509" y="-508"/>
  <i image="attack5_8.png" delay="60" x="-509" y="-508"/>
  <i image="attack5_9.png" delay="60" x="-509" y="-508"/>
  <i image="attack5_10.png" delay="120" x="-509" y="-508"/>
  <i image="attack5_11.png" delay="120" x="-509" y="-508"/>
  <i image="attack5_12.png" delay="120" x="-509" y="-508"/>
  <i image="attack5_13.png" delay="120" x="-509" y="-508"/>
  <i image="attack5_14.png" delay="120" x="-509" y="-508"/>
  <i image="attack5_15.png" delay="120" x="-509" y="-508"/>
  <i image="attack5_16.png" delay="120" x="-509" y="-508"/>
  <i image="attack5_17.png" delay="120" x="-509" y="-508"/>
  <i image="attack5_18.png" delay="120" x="-509" y="-508"/>
  <i image="attack5_19.png" delay="120" x="-509" y="-508"/>
  <i image="attack5_20.png" delay="120" x="-509" y="-508"/>
  <i image="attack5_21.png" delay="120" x="-509" y="-508"/>
  <i image="attack5.info.hit_0.png" delay="90" x="-97" y="-88"/>
  <i image="attack5.info.hit_1.png" delay="90" x="-97" y="-88"/>
  <i image="attack5.info.hit_2.png" delay="90" x="-97" y="-88"/>
  <i image="attack5.info.hit_3.png" delay="90" x="-97" y="-88"/>
  <i image="attack5.info.hit_4.png" delay="90" x="-97" y="-88"/>
  <i image="attack5.info.hit_5.png" delay="90" x="-97" y="-88"/>
  <i image="attack5.info.hit_6.png" delay="90" x="-97" y="-88"/>
  <i image="attack6_0.png" delay="120" x="-300" y="-529"/>
  <i image="attack6_1.png" delay="120" x="-300" y="-529"/>
  <i image="attack6_2.png" delay="120" x="-300" y="-529"/>
  <i image="attack6_3.png" delay="120" x="-300" y="-529"/>
  <i image="attack6_4.png" delay="120" x="-300" y="-529"/>
  <i image="attack6_5.png" delay="120" x="-300" y="-529"/>
  <i image="attack6_6.png" delay="120" x="-300" y="-529"/>
  <i image="attack6_7.png" delay="120" x="-300" y="-529"/>
  <i image="attack6_8.png" delay="90" x="-300" y="-529"/>
  <i image="attack6_9.png" delay="90" x="-300" y="-529"/>
  <i image="attack6_10.png" delay="90" x="-300" y="-529"/>
  <i image="attack6_11.png" delay="60" x="-300" y="-529"/>
  <i image="attack6_12.png" delay="150" x="-300" y="-529"/>
  <i image="attack6_13.png" delay="150" x="-300" y="-529"/>
  <i image="attack6_14.png" delay="150" x="-300" y="-529"/>
  <i image="attack6_15.png" delay="120" x="-300" y="-529"/>
  <i image="attack6_16.png" delay="120" x="-300" y="-529"/>
  <i image="attack6_17.png" delay="120" x="-300" y="-529"/>
  <i image="attack6_18.png" delay="120" x="-300" y="-529"/>
  <i image="attack6_19.png" delay="120" x="-300" y="-529"/>
  <i image="attack6_20.png" delay="120" x="-300" y="-529"/>
  <i image="attack6_21.png" delay="120" x="-300" y="-529"/>
  <i image="attack6_22.png" delay="120" x="-300" y="-529"/>
  <i image="attack6_23.png" delay="120" x="-300" y="-529"/>
  <i image="attack6.info.hit_0.png" delay="90" x="-61" y="-96"/>
  <i image="attack6.info.hit_1.png" delay="90" x="-61" y="-96"/>
  <i image="attack6.info.hit_2.png" delay="90" x="-61" y="-96"/>
  <i image="attack6.info.hit_3.png" delay="90" x="-61" y="-96"/>
  <i image="attack6.info.hit_4.png" delay="90" x="-61" y="-96"/>
  <i image="attack6.info.hit_5.png" delay="90" x="-61" y="-96"/>
  <i image="attack6.info.areaWarning_0.png" delay="1290" x="-91" y="-166"/>
  <i image="attack6.info.areaWarning_1.png" delay="90" x="-91" y="-166"/>
  <i image="attack6.info.areaWarning_2.png" delay="90" x="-91" y="-166"/>
  <i image="attack6.info.areaWarning_3.png" delay="90" x="-91" y="-166"/>
  <i image="attack6.info.areaWarning_4.png" delay="90" x="-91" y="-166"/>
  <i image="attack6.info.areaWarning_5.png" delay="90" x="-91" y="-166"/>
  <i image="attack6.info.areaWarning_6.png" delay="90" x="-91" y="-166"/>
  <i image="skill1_0.png" delay="120" x="-410" y="-532"/>
  <i image="skill1_1.png" delay="120" x="-410" y="-532"/>
  <i image="skill1_2.png" delay="120" x="-410" y="-532"/>
  <i image="skill1_3.png" delay="120" x="-410" y="-532"/>
  <i image="skill1_4.png" delay="120" x="-410" y="-532"/>
  <i image="skill1_5.png" delay="120" x="-410" y="-532"/>
  <i image="skill1_6.png" delay="120" x="-410" y="-532"/>
  <i image="skill1_7.png" delay="120" x="-410" y="-532"/>
  <i image="skill1_8.png" delay="120" x="-410" y="-532"/>
  <i image="skill1_9.png" delay="120" x="-410" y="-532"/>
  <i image="skill1_10.png" delay="120" x="-410" y="-532"/>
  <i image="skill1_11.png" delay="120" x="-410" y="-532"/>
  <i image="skill1_12.png" delay="120" x="-410" y="-532"/>
  <i image="skill1_13.png" delay="120" x="-410" y="-532"/>
  <i image="skill1_14.png" delay="120" x="-410" y="-532"/>
  <i image="skill1_15.png" delay="120" x="-410" y="-532"/>
  <i image="skill1_16.png" delay="120" x="-410" y="-532"/>
  <i image="skill1_17.png" delay="120" x="-410" y="-532"/>
  <i image="skill1_18.png" delay="120" x="-410" y="-532"/>
  <i image="skill1_19.png" delay="120" x="-410" y="-532"/>
  <i image="skill1_20.png" delay="120" x="-410" y="-532"/>
  <i image="skill1_21.png" delay="120" x="-410" y="-532"/>
  <i image="skill1_22.png" delay="120" x="-410" y="-532"/>
  <i image="skill1_23.png" delay="120" x="-410" y="-532"/>
  <i image="skill1_24.png" delay="120" x="-410" y="-532"/>
  <i image="skill1_25.png" delay="120" x="-410" y="-532"/>
  <i image="skill1_26.png" delay="120" x="-410" y="-532"/>
  <i image="skill1_27.png" delay="120" x="-410" y="-532"/>
  <i image="skill2_0.png" delay="120" x="-402" y="-508"/>
  <i image="skill2_1.png" delay="120" x="-402" y="-508"/>
  <i image="skill2_2.png" delay="120" x="-402" y="-508"/>
  <i image="skill2_3.png" delay="120" x="-402" y="-508"/>
  <i image="skill2_4.png" delay="120" x="-402" y="-508"/>
  <i image="skill2_5.png" delay="120" x="-402" y="-508"/>
  <i image="skill2_6.png" delay="120" x="-402" y="-508"/>
  <i image="skill2_7.png" delay="120" x="-402" y="-508"/>
  <i image="skill2_8.png" delay="120" x="-402" y="-508"/>
  <i image="skill2_9.png" delay="120" x="-402" y="-508"/>
  <i image="skill2_10.png" delay="120" x="-402" y="-508"/>
  <i image="skill2_11.png" delay="120" x="-402" y="-508"/>
  <i image="skill2_12.png" delay="120" x="-402" y="-508"/>
  <i image="skill2_13.png" delay="120" x="-402" y="-508"/>
  <i image="skill2_14.png" delay="120" x="-402" y="-508"/>
  <i image="skill2_15.png" delay="120" x="-402" y="-508"/>
  <i image="skill2_16.png" delay="120" x="-402" y="-508"/>
  <i image="skill2_17.png" delay="120" x="-402" y="-508"/>
  <i image="skill2_18.png" delay="120" x="-402" y="-508"/>
  <i image="skill2_19.png" delay="120" x="-402" y="-508"/>
  <i image="skill2_20.png" delay="120" x="-402" y="-508"/>
  <i image="skill3_0.png" delay="90" x="-305" y="-516"/>
  <i image="skill3_1.png" delay="90" x="-305" y="-516"/>
  <i image="skill3_2.png" delay="90" x="-305" y="-516"/>
  <i image="skill3_3.png" delay="90" x="-305" y="-516"/>
  <i image="skill3_4.png" delay="90" x="-305" y="-516"/>
  <i image="skill3_5.png" delay="90" x="-305" y="-516"/>
  <i image="skill3_6.png" delay="60" x="-305" y="-516"/>
  <i image="skill3_7.png" delay="60" x="-305" y="-516"/>
  <i image="skill3_8.png" delay="60" x="-305" y="-516"/>
  <i image="skill3_9.png" delay="60" x="-305" y="-516"/>
  <i image="skill3_10.png" delay="60" x="-305" y="-516"/>
  <i image="skill3_11.png" delay="60" x="-305" y="-516"/>
  <i image="skill3_12.png" delay="60" x="-305" y="-516"/>
  <i image="skill3_13.png" delay="60" x="-305" y="-516"/>
  <i image="skill3_14.png" delay="30" x="-305" y="-516"/>
  <i image="skillAfter3_0.png" delay="60" x="-305" y="-516"/>
  <i image="skillAfter3_1.png" delay="60" x="-305" y="-516"/>
  <i image="skillAfter3_2.png" delay="60" x="-305" y="-516"/>
  <i image="skillAfter3_3.png" delay="60" x="-305" y="-516"/>
  <i image="skillAfter3_4.png" delay="60" x="-305" y="-516"/>
  <i image="skillAfter3_5.png" delay="60" x="-305" y="-516"/>
  <i image="skillAfter3_6.png" delay="60" x="-305" y="-516"/>
  <i image="skillAfter3_7.png" delay="60" x="-305" y="-516"/>
  <i image="skillAfter3_8.png" delay="60" x="-305" y="-516"/>
  <i image="skillAfter3_9.png" delay="90" x="-305" y="-516"/>
  <i image="skillAfter3_10.png" delay="120" x="-305" y="-516"/>
  <i image="skillAfter3_11.png" delay="120" x="-305" y="-516"/>
  <i image="skillAfter3_12.png" delay="120" x="-305" y="-516"/>
  <i image="skillAfter3_13.png" delay="120" x="-305" y="-516"/>
  <i image="skillAfter3_14.png" delay="150" x="-305" y="-516"/>
  <i image="skill4_0.png" delay="120" x="-309" y="-508"/>
  <i image="skill4_1.png" delay="120" x="-309" y="-508"/>
  <i image="skill4_2.png" delay="120" x="-309" y="-508"/>
  <i image="skill4_3.png" delay="120" x="-309" y="-508"/>
  <i image="skill4_4.png" delay="120" x="-309" y="-508"/>
  <i image="skill4_5.png" delay="120" x="-309" y="-508"/>
  <i image="skill4_6.png" delay="120" x="-309" y="-508"/>
  <i image="skill4_7.png" delay="120" x="-309" y="-508"/>
  <i image="skill4_8.png" delay="120" x="-309" y="-508"/>
  <i image="skill4_9.png" delay="120" x="-309" y="-508"/>
  <i image="skill4_10.png" delay="120" x="-309" y="-508"/>
  <i image="skill4_11.png" delay="120" x="-309" y="-508"/>
  <i image="skill4_12.png" delay="120" x="-309" y="-508"/>
  <i image="skill4_13.png" delay="120" x="-309" y="-508"/>
  <i image="skill4_14.png" delay="120" x="-309" y="-508"/>
  <i image="skill4_15.png" delay="120" x="-309" y="-508"/>
  <i image="skill4_16.png" delay="120" x="-309" y="-508"/>
  <i image="skill4_17.png" delay="120" x="-309" y="-508"/>
  <i image="skill4_18.png" delay="120" x="-309" y="-508"/>
  <i image="skill4_19.png" delay="120" x="-309" y="-508"/>
  <i image="skill4_20.png" delay="120" x="-309" y="-508"/>
  <i image="skill4_21.png" delay="120" x="-309" y="-508"/>
  <i image="skill5_0.png" delay="120" x="-402" y="-508"/>
  <i image="skill5_1.png" delay="120" x="-402" y="-508"/>
  <i image="skill5_2.png" delay="120" x="-402" y="-508"/>
  <i image="skill5_3.png" delay="120" x="-402" y="-508"/>
  <i image="skill5_4.png" delay="120" x="-402" y="-508"/>
  <i image="skill5_5.png" delay="120" x="-402" y="-508"/>
  <i image="skill5_6.png" delay="120" x="-402" y="-508"/>
  <i image="skill5_7.png" delay="120" x="-402" y="-508"/>
  <i image="skill5_8.png" delay="120" x="-402" y="-508"/>
  <i image="skill5_9.png" delay="120" x="-402" y="-508"/>
  <i image="skill5_10.png" delay="120" x="-402" y="-508"/>
  <i image="skill5_11.png" delay="120" x="-402" y="-508"/>
  <i image="skill5_12.png" delay="120" x="-402" y="-508"/>
  <i image="skill5_13.png" delay="120" x="-402" y="-508"/>
  <i image="skill5_14.png" delay="120" x="-402" y="-508"/>
  <i image="skill5_15.png" delay="120" x="-402" y="-508"/>
  <i image="skill5_16.png" delay="120" x="-402" y="-508"/>
  <i image="skill5_17.png" delay="120" x="-402" y="-508"/>
  <i image="skill5_18.png" delay="120" x="-402" y="-508"/>
  <i image="skill5_19.png" delay="120" x="-402" y="-508"/>
  <i image="skill5_20.png" delay="120" x="-402" y="-508"/>
  <i image="skill6_0.png" delay="150" x="-381" y="-517"/>
  <i image="skill6_1.png" delay="150" x="-381" y="-517"/>
  <i image="skill6_2.png" delay="150" x="-381" y="-517"/>
  <i image="skill6_3.png" delay="150" x="-381" y="-517"/>
  <i image="skill6_4.png" delay="150" x="-381" y="-517"/>
  <i image="skill6_5.png" delay="150" x="-381" y="-517"/>
  <i image="skill6_6.png" delay="150" x="-381" y="-517"/>
  <i image="skill6_7.png" delay="120" x="-381" y="-517"/>
  <i image="skill6_8.png" delay="120" x="-381" y="-517"/>
  <i image="skill6_9.png" delay="120" x="-381" y="-517"/>
  <i image="skill6_10.png" delay="120" x="-381" y="-517"/>
  <i image="skill6_11.png" delay="120" x="-381" y="-517"/>
  <i image="skill6_12.png" delay="120" x="-381" y="-517"/>
  <i image="skill6_13.png" delay="120" x="-381" y="-517"/>
  <i image="skill6_14.png" delay="120" x="-381" y="-517"/>
  <i image="skill6_15.png" delay="120" x="-381" y="-517"/>
  <i image="skill6_16.png" delay="120" x="-381" y="-517"/>
  <i image="skill6_17.png" delay="120" x="-381" y="-517"/>
  <i image="skill6_18.png" delay="120" x="-381" y="-517"/>
  <i image="skill6_19.png" delay="120" x="-381" y="-517"/>
  <i image="skill6_20.png" delay="120" x="-381" y="-517"/>
  <i image="skill6_21.png" delay="120" x="-381" y="-517"/>
  <i image="skill7_0.png" delay="150" x="-364" y="-530"/>
  <i image="skill7_1.png" delay="150" x="-364" y="-530"/>
  <i image="skill7_2.png" delay="150" x="-364" y="-530"/>
  <i image="skill7_3.png" delay="150" x="-364" y="-530"/>
  <i image="skill7_4.png" delay="150" x="-364" y="-530"/>
  <i image="skill7_5.png" delay="150" x="-364" y="-530"/>
  <i image="skill7_6.png" delay="150" x="-364" y="-530"/>
  <i image="skill7_7.png" delay="120" x="-364" y="-530"/>
  <i image="skill7_8.png" delay="120" x="-364" y="-530"/>
  <i image="skill7_9.png" delay="120" x="-364" y="-530"/>
  <i image="skill7_10.png" delay="120" x="-364" y="-530"/>
  <i image="skill7_11.png" delay="120" x="-364" y="-530"/>
  <i image="skill7_12.png" delay="120" x="-364" y="-530"/>
  <i image="skill7_13.png" delay="120" x="-364" y="-530"/>
  <i image="skill7_14.png" delay="120" x="-364" y="-530"/>
  <i image="skill7_15.png" delay="120" x="-364" y="-530"/>
  <i image="skill7_16.png" delay="120" x="-364" y="-530"/>
  <i image="skill7_17.png" delay="120" x="-364" y="-530"/>
  <i image="skill7_18.png" delay="120" x="-364" y="-530"/>
  <i image="skill7_19.png" delay="120" x="-364" y="-530"/>
  <i image="skill7_20.png" delay="120" x="-364" y="-530"/>
  <i image="skill7_21.png" delay="120" x="-364" y="-530"/>
  <i image="hit_0.png" delay="600" x="-353" y="-505"/>
  <i image="die1_0.png" delay="120" x="-380" y="-618"/>
  <i image="die1_1.png" delay="120" x="-380" y="-618"/>
  <i image="die1_2.png" delay="120" x="-380" y="-618"/>
  <i image="die1_3.png" delay="120" x="-380" y="-618"/>
  <i image="die1_4.png" delay="120" x="-380" y="-618"/>
  <i image="die1_5.png" delay="120" x="-380" y="-618"/>
  <i image="die1_6.png" delay="120" x="-380" y="-618"/>
  <i image="die1_7.png" delay="120" x="-380" y="-618"/>
  <i image="die1_8.png" delay="120" x="-380" y="-618"/>
  <i image="die1_9.png" delay="120" x="-380" y="-618"/>
  <i image="die1_10.png" delay="120" x="-380" y="-618"/>
  <i image="die1_11.png" delay="120" x="-380" y="-618"/>
  <i image="die1_12.png" delay="120" x="-380" y="-618"/>
  <i image="die1_13.png" delay="120" x="-380" y="-618"/>
  <i image="die1_14.png" delay="120" x="-380" y="-618"/>
  <i image="die1_15.png" delay="120" x="-380" y="-618"/>
  <i image="die1_16.png" delay="120" x="-380" y="-618"/>
  <i image="die1_17.png" delay="120" x="-380" y="-618"/>
  <i image="die1_18.png" delay="120" x="-380" y="-618"/>
  <i image="die1_19.png" delay="120" x="-380" y="-618"/>
  <i image="die1_20.png" delay="120" x="-380" y="-618"/>
  <i image="die1_21.png" delay="120" x="-380" y="-618"/>
  <i image="die1_22.png" delay="120" x="-380" y="-618"/>
  <i image="die1_23.png" delay="120" x="-380" y="-618"/>
  <i image="die1_24.png" delay="120" x="-380" y="-618"/>
  <i image="die1_25.png" delay="120" x="-380" y="-618"/>
  <i image="die1_26.png" delay="120" x="-380" y="-618"/>
  <i image="die1_27.png" delay="120" x="-380" y="-618"/>
  <i image="die1_28.png" delay="120" x="-380" y="-618"/>
  <i image="die1_29.png" delay="120" x="-380" y="-618"/>
  <i image="die1_30.png" delay="120" x="-380" y="-618"/>
  <i image="die1_31.png" delay="120" x="-380" y="-618"/>
  <i image="die1_32.png" delay="120" x="-380" y="-618"/>
  <i image="die1_33.png" delay="120" x="-380" y="-618"/>
  <i image="die1_34.png" delay="120" x="-380" y="-618"/>
  <i image="die1_35.png" delay="120" x="-380" y="-618"/>
  <i image="die1_36.png" delay="120" x="-380" y="-618"/>
  <i image="die1_37.png" delay="120" x="-380" y="-618"/>
  <i image="die1_38.png" delay="120" x="-380" y="-618"/>
  <i image="die1_39.png" delay="120" x="-380" y="-618"/>
  <i image="die1_40.png" delay="120" x="-380" y="-618"/>
  <i image="die1_41.png" delay="120" x="-380" y="-618"/>
  <i image="die1_42.png" delay="120" x="-380" y="-618"/>
  <i image="die1_43.png" delay="120" x="-380" y="-618"/>
  <i image="die1_44.png" delay="120" x="-380" y="-618"/>
  <i image="die1_45.png" delay="120" x="-380" y="-618"/>
  <i image="die1_46.png" delay="180" x="-380" y="-618"/>
  <i image="die1_47.png" delay="180" x="-380" y="-618"/>
  <i image="die1_48.png" delay="180" x="-380" y="-618"/>
  <i image="die1_49.png" delay="180" x="-380" y="-618"/>
  <i image="die1_50.png" delay="180" x="-380" y="-618"/>
  <i image="die1_51.png" delay="180" x="-380" y="-618"/>
  <i image="die1_52.png" delay="180" x="-380" y="-618"/>
  <i image="die1_53.png" delay="120" x="-380" y="-618"/>
  <i image="die1_54.png" delay="180" x="-380" y="-618"/>
  <i image="die1_55.png" delay="180" x="-380" y="-618"/>
  <i image="die1_56.png" delay="180" x="-380" y="-618"/>
  <i image="die1_57.png" delay="180" x="-380" y="-618"/>
  <i image="die1_58.png" delay="180" x="-380" y="-618"/>
  <i image="die1_59.png" delay="180" x="-380" y="-618"/>
  <i image="die1_60.png" delay="180" x="-380" y="-618"/>
  <i image="die1_61.png" delay="180" x="-380" y="-618"/>
  <i image="die1_62.png" delay="180" x="-380" y="-618"/>
  <i image="die1_63.png" delay="180" x="-380" y="-618"/>
  <i image="die1_64.png" delay="180" x="-380" y="-618"/>
  <i image="die1_65.png" delay="180" x="-380" y="-618"/>
  <i image="die1_66.png" delay="180" x="-380" y="-618"/>
  <i image="die1_67.png" delay="180" x="-380" y="-618"/>
  <i image="die1_68.png" delay="180" x="-380" y="-618"/>
  <i image="die1_69.png" delay="180" x="-380" y="-618"/>
  <i image="die1_70.png" delay="180" x="-380" y="-618"/>
  <i image="die1_71.png" delay="180" x="-380" y="-618"/>
  <i image="die1_72.png" delay="180" x="-380" y="-618"/>
  <i image="die1_73.png" delay="180" x="-380" y="-618"/>
  <i image="die1_74.png" delay="180" x="-380" y="-618"/>
  <i image="die1_75.png" delay="180" x="-380" y="-618"/>
  <i image="die1_76.png" delay="180" x="-380" y="-618"/>
  <i image="die1_77.png" delay="180" x="-380" y="-618"/>
  <i image="die1_78.png" delay="180" x="-380" y="-618"/>
  <i image="die1_79.png" delay="180" x="-380" y="-618"/>
  <i image="die1_80.png" delay="180" x="-380" y="-618"/>
  <i image="die1_81.png" delay="180" x="-380" y="-618"/>
  <i image="die1_82.png" delay="180" x="-380" y="-618"/>
  <i image="die1_83.png" delay="180" x="-380" y="-618"/>
  <i image="die1_84.png" delay="180" x="-380" y="-618"/>
  <i image="die1_85.png" delay="180" x="-380" y="-618"/>
  <i image="die1_86.png" delay="180" x="-380" y="-618"/>
  <i image="die1_87.png" delay="180" x="-380" y="-618"/>
  <i image="die1_88.png" delay="180" x="-380" y="-618"/>
  <i image="die1_89.png" delay="180" x="-380" y="-618"/>
  <i image="filpR_0.png" delay="90" x="-298" y="-507"/>
  <i image="filpR_1.png" delay="90" x="-298" y="-507"/>
  <i image="filpR_2.png" delay="90" x="-298" y="-507"/>
  <i image="filpR_3.png" delay="90" x="-298" y="-507"/>
  <i image="filpR_4.png" delay="90" x="-298" y="-507"/>
  <i image="filpR_5.png" delay="90" x="-298" y="-507"/>
  <i image="filpL_0.png" delay="90" x="-297" y="-507"/>
  <i image="filpL_1.png" delay="90" x="-297" y="-507"/>
  <i image="filpL_2.png" delay="90" x="-297" y="-507"/>
  <i image="filpL_3.png" delay="90" x="-297" y="-507"/>
  <i image="filpL_4.png" delay="90" x="-297" y="-507"/>
  <i image="filpL_5.png" delay="90" x="-297" y="-507"/>
  <i image="summon_0.png" delay="150" x="-362" y="-516"/>
  <i image="summon_1.png" delay="150" x="-362" y="-516"/>
  <i image="summon_2.png" delay="150" x="-362" y="-516"/>
  <i image="summon_3.png" delay="150" x="-362" y="-516"/>
  <i image="summon_4.png" delay="150" x="-362" y="-516"/>
  <i image="summon_5.png" delay="150" x="-362" y="-516"/>
  <i image="summon_6.png" delay="150" x="-362" y="-516"/>
  <i image="summon_7.png" delay="150" x="-362" y="-516"/>
  <i image="summon_8.png" delay="150" x="-362" y="-516"/>
  <i image="summon_9.png" delay="150" x="-362" y="-516"/>
  <i image="summon_10.png" delay="150" x="-362" y="-516"/>
  <i image="summon_11.png" delay="150" x="-362" y="-516"/>
  <i image="summon_12.png" delay="150" x="-362" y="-516"/>
  <i image="summon_13.png" delay="150" x="-362" y="-516"/>
  <i image="summon_14.png" delay="150" x="-362" y="-516"/>
  <i image="summon_15.png" delay="150" x="-362" y="-516"/>
  <i image="summon_16.png" delay="150" x="-362" y="-516"/>
  <i image="summon_17.png" delay="150" x="-362" y="-516"/>
  <i image="summon_18.png" delay="150" x="-362" y="-516"/>
  <i image="summon_19.png" delay="150" x="-362" y="-516"/>
  <i image="summon_20.png" delay="150" x="-362" y="-516"/>
  <i image="summon_21.png" delay="150" x="-362" y="-516"/>
  <i image="summon_22.png" delay="150" x="-362" y="-516"/>
  <i image="summon_23.png" delay="150" x="-362" y="-516"/>
  <i image="summon_24.png" delay="150" x="-362" y="-516"/>
  <i image="summon_25.png" delay="150" x="-362" y="-516"/>
  <i image="summon_26.png" delay="150" x="-362" y="-516"/>
  <i image="summon_27.png" delay="150" x="-362" y="-516"/>
  <i image="summon_28.png" delay="150" x="-362" y="-516"/>
  <i image="summon_29.png" delay="150" x="-362" y="-516"/>
  <i image="summon_30.png" delay="150" x="-362" y="-516"/>
  <i image="summon_31.png" delay="150" x="-362" y="-516"/>
  <i image="summon_32.png" delay="150" x="-362" y="-516"/>
  <i image="summon_33.png" delay="150" x="-362" y="-516"/>
  <i image="summon_34.png" delay="150" x="-362" y="-516"/>
  <i image="summon_35.png" delay="150" x="-362" y="-516"/>
  <i image="summon_36.png" delay="150" x="-362" y="-516"/>
  <i image="summon_37.png" delay="150" x="-362" y="-516"/>
  <i image="summon_38.png" delay="150" x="-362" y="-516"/>
  <i image="summon_39.png" delay="150" x="-362" y="-516"/>
  <i image="summon_40.png" delay="330" x="-362" y="-516"/>
</i>