<i>
  <i image="stand_0.png" delay="210" x="-71" y="-143"/>
  <i image="stand_1.png" delay="210" x="-71" y="-143"/>
  <i image="stand_2.png" delay="210" x="-71" y="-143"/>
  <i image="stand_3.png" delay="210" x="-71" y="-143"/>
  <i image="stand_4.png" delay="210" x="-71" y="-143"/>
  <i image="stand_5.png" delay="210" x="-71" y="-143"/>
  <i image="stand_6.png" delay="210" x="-71" y="-143"/>
  <i image="stand_7.png" delay="210" x="-71" y="-143"/>
  <i image="move_0.png" delay="180" x="-72" y="-144"/>
  <i image="move_1.png" delay="180" x="-72" y="-144"/>
  <i image="move_2.png" delay="180" x="-72" y="-144"/>
  <i image="move_3.png" delay="180" x="-72" y="-144"/>
  <i image="move_4.png" delay="180" x="-72" y="-144"/>
  <i image="move_5.png" delay="180" x="-72" y="-144"/>
  <i image="move_6.png" delay="180" x="-72" y="-144"/>
  <i image="move_7.png" delay="180" x="-72" y="-144"/>
  <i image="attack1.info.hit_0.png" delay="120" x="-51" y="-83"/>
  <i image="attack1.info.hit_1.png" delay="120" x="-51" y="-83"/>
  <i image="attack1.info.hit_2.png" delay="120" x="-51" y="-83"/>
  <i image="attack1.info.hit_3.png" delay="120" x="-51" y="-83"/>
  <i image="attack1.info.hit_4.png" delay="120" x="-51" y="-83"/>
  <i image="attack1.info.hit_5.png" delay="120" x="-51" y="-83"/>
  <i image="attack1.info.hit_6.png" delay="120" x="-51" y="-83"/>
  <i image="attack1_0.png" delay="90" x="-262" y="-292"/>
  <i image="attack1_1.png" delay="90" x="-262" y="-292"/>
  <i image="attack1_2.png" delay="90" x="-262" y="-292"/>
  <i image="attack1_3.png" delay="90" x="-262" y="-292"/>
  <i image="attack1_4.png" delay="90" x="-262" y="-292"/>
  <i image="attack1_5.png" delay="90" x="-262" y="-292"/>
  <i image="attack1_6.png" delay="90" x="-262" y="-292"/>
  <i image="attack1_7.png" delay="90" x="-262" y="-292"/>
  <i image="attack1_8.png" delay="90" x="-262" y="-292"/>
  <i image="attack1_9.png" delay="90" x="-262" y="-292"/>
  <i image="attack1_10.png" delay="90" x="-262" y="-292"/>
  <i image="attack1_11.png" delay="90" x="-262" y="-292"/>
  <i image="attack1_12.png" delay="90" x="-262" y="-292"/>
  <i image="attack1_13.png" delay="150" x="-262" y="-292"/>
  <i image="attack1_14.png" delay="150" x="-262" y="-292"/>
  <i image="attack1_15.png" delay="150" x="-262" y="-292"/>
  <i image="attack1_16.png" delay="150" x="-262" y="-292"/>
  <i image="attack1_17.png" delay="150" x="-262" y="-292"/>
  <i image="attack1_18.png" delay="150" x="-262" y="-292"/>
  <i image="attack2.info.hit_0.png" delay="100" x="-50" y="-74"/>
  <i image="attack2.info.hit_1.png" delay="100" x="-50" y="-74"/>
  <i image="attack2.info.hit_2.png" delay="100" x="-50" y="-74"/>
  <i image="attack2.info.hit_3.png" delay="100" x="-50" y="-74"/>
  <i image="attack2_0.png" delay="90" x="-218" y="-240"/>
  <i image="attack2_1.png" delay="90" x="-218" y="-240"/>
  <i image="attack2_2.png" delay="90" x="-218" y="-240"/>
  <i image="attack2_3.png" delay="90" x="-218" y="-240"/>
  <i image="attack2_4.png" delay="90" x="-218" y="-240"/>
  <i image="attack2_5.png" delay="90" x="-218" y="-240"/>
  <i image="attack2_6.png" delay="90" x="-218" y="-240"/>
  <i image="attack2_7.png" delay="90" x="-218" y="-240"/>
  <i image="attack2_8.png" delay="90" x="-218" y="-240"/>
  <i image="attack2_9.png" delay="90" x="-218" y="-240"/>
  <i image="attack2_10.png" delay="90" x="-218" y="-240"/>
  <i image="attack2_11.png" delay="90" x="-218" y="-240"/>
  <i image="attack2_12.png" delay="90" x="-218" y="-240"/>
  <i image="attack2_13.png" delay="90" x="-218" y="-240"/>
  <i image="attack2_14.png" delay="150" x="-218" y="-240"/>
  <i image="attack2_15.png" delay="150" x="-218" y="-240"/>
  <i image="attack2_16.png" delay="150" x="-218" y="-240"/>
  <i image="attack2_17.png" delay="150" x="-218" y="-240"/>
  <i image="attack2_18.png" delay="150" x="-218" y="-240"/>
  <i image="attack2_19.png" delay="150" x="-218" y="-240"/>
  <i image="attack2_20.png" delay="150" x="-218" y="-240"/>
  <i image="attack2_21.png" delay="150" x="-218" y="-240"/>
  <i image="attack3.info.hit_0.png" delay="150" x="-61" y="-122"/>
  <i image="attack3.info.hit_1.png" delay="150" x="-61" y="-122"/>
  <i image="attack3.info.hit_2.png" delay="150" x="-61" y="-122"/>
  <i image="attack3.info.hit_3.png" delay="150" x="-61" y="-122"/>
  <i image="attack3.info.hit_4.png" delay="150" x="-61" y="-122"/>
  <i image="attack3.info.hit_5.png" delay="150" x="-61" y="-122"/>
  <i image="attack3_0.png" delay="90" x="-551" y="-416"/>
  <i image="attack3_1.png" delay="90" x="-551" y="-416"/>
  <i image="attack3_2.png" delay="90" x="-551" y="-416"/>
  <i image="attack3_3.png" delay="90" x="-551" y="-416"/>
  <i image="attack3_4.png" delay="90" x="-551" y="-416"/>
  <i image="attack3_5.png" delay="90" x="-551" y="-416"/>
  <i image="attack3_6.png" delay="90" x="-551" y="-416"/>
  <i image="attack3_7.png" delay="90" x="-551" y="-416"/>
  <i image="attack3_8.png" delay="90" x="-551" y="-416"/>
  <i image="attack3_9.png" delay="90" x="-551" y="-416"/>
  <i image="attack3_10.png" delay="90" x="-551" y="-416"/>
  <i image="attack3_11.png" delay="90" x="-551" y="-416"/>
  <i image="attack3_12.png" delay="90" x="-551" y="-416"/>
  <i image="attack3_13.png" delay="90" x="-551" y="-416"/>
  <i image="attack3_14.png" delay="90" x="-551" y="-416"/>
  <i image="attack3_15.png" delay="90" x="-551" y="-416"/>
  <i image="attack3_16.png" delay="90" x="-551" y="-416"/>
  <i image="attack3_17.png" delay="90" x="-551" y="-416"/>
  <i image="attack3_18.png" delay="90" x="-551" y="-416"/>
  <i image="attack3_19.png" delay="90" x="-551" y="-416"/>
  <i image="attack3_20.png" delay="90" x="-551" y="-416"/>
  <i image="attack3_21.png" delay="90" x="-551" y="-416"/>
  <i image="attack3_22.png" delay="90" x="-551" y="-416"/>
  <i image="attack3_23.png" delay="150" x="-551" y="-416"/>
  <i image="attack3_24.png" delay="150" x="-551" y="-416"/>
  <i image="attack3_25.png" delay="150" x="-551" y="-416"/>
  <i image="attack3_26.png" delay="150" x="-551" y="-416"/>
  <i image="attack3_27.png" delay="150" x="-551" y="-416"/>
  <i image="attack3_28.png" delay="150" x="-551" y="-416"/>
  <i image="attack3_29.png" delay="150" x="-551" y="-416"/>
  <i image="attack3_30.png" delay="150" x="-551" y="-416"/>
  <i image="attack4.info.hit_0.png" delay="100" x="-86" y="-92"/>
  <i image="attack4.info.hit_1.png" delay="100" x="-86" y="-92"/>
  <i image="attack4.info.hit_2.png" delay="100" x="-86" y="-92"/>
  <i image="attack4.info.hit_3.png" delay="100" x="-86" y="-92"/>
  <i image="attack4.info.hit_4.png" delay="100" x="-86" y="-92"/>
  <i image="attack4.info.hit_5.png" delay="100" x="-86" y="-92"/>
  <i image="attack4.info.hit_6.png" delay="100" x="-86" y="-92"/>
  <i image="attack4_0.png" delay="90" x="-307" y="-211"/>
  <i image="attack4_1.png" delay="90" x="-307" y="-211"/>
  <i image="attack4_2.png" delay="90" x="-307" y="-211"/>
  <i image="attack4_3.png" delay="90" x="-307" y="-211"/>
  <i image="attack4_4.png" delay="90" x="-307" y="-211"/>
  <i image="attack4_5.png" delay="90" x="-307" y="-211"/>
  <i image="attack4_6.png" delay="90" x="-307" y="-211"/>
  <i image="attack4_7.png" delay="90" x="-307" y="-211"/>
  <i image="attack4_8.png" delay="90" x="-307" y="-211"/>
  <i image="attack4_9.png" delay="90" x="-307" y="-211"/>
  <i image="attack4_10.png" delay="90" x="-307" y="-211"/>
  <i image="attack4_11.png" delay="90" x="-307" y="-211"/>
  <i image="attack4_12.png" delay="90" x="-307" y="-211"/>
  <i image="attack4_13.png" delay="90" x="-307" y="-211"/>
  <i image="attack4_14.png" delay="90" x="-307" y="-211"/>
  <i image="attack4_15.png" delay="90" x="-307" y="-211"/>
  <i image="attack4_16.png" delay="90" x="-307" y="-211"/>
  <i image="attack4_17.png" delay="90" x="-307" y="-211"/>
  <i image="attack4_18.png" delay="90" x="-307" y="-211"/>
  <i image="attack4_19.png" delay="90" x="-307" y="-211"/>
  <i image="attack4_20.png" delay="150" x="-307" y="-211"/>
  <i image="attack4_21.png" delay="150" x="-307" y="-211"/>
  <i image="attack4_22.png" delay="150" x="-307" y="-211"/>
  <i image="attack4_23.png" delay="150" x="-307" y="-211"/>
  <i image="skill1_0.png" delay="90" x="-235" y="-275"/>
  <i image="skill1_1.png" delay="90" x="-235" y="-275"/>
  <i image="skill1_2.png" delay="90" x="-235" y="-275"/>
  <i image="skill1_3.png" delay="90" x="-235" y="-275"/>
  <i image="skill1_4.png" delay="90" x="-235" y="-275"/>
  <i image="skill1_5.png" delay="90" x="-235" y="-275"/>
  <i image="skill1_6.png" delay="90" x="-235" y="-275"/>
  <i image="skill1_7.png" delay="90" x="-235" y="-275"/>
  <i image="skill1_8.png" delay="90" x="-235" y="-275"/>
  <i image="skill1_9.png" delay="90" x="-235" y="-275"/>
  <i image="skill1_10.png" delay="90" x="-235" y="-275"/>
  <i image="skill1_11.png" delay="90" x="-235" y="-275"/>
  <i image="skill1_12.png" delay="90" x="-235" y="-275"/>
  <i image="skill1_13.png" delay="90" x="-235" y="-275"/>
  <i image="skill1_14.png" delay="90" x="-235" y="-275"/>
  <i image="skill1_15.png" delay="90" x="-235" y="-275"/>
  <i image="skill1_16.png" delay="90" x="-235" y="-275"/>
  <i image="skill1_17.png" delay="90" x="-235" y="-275"/>
  <i image="skill1_18.png" delay="150" x="-235" y="-275"/>
  <i image="skill1_19.png" delay="150" x="-235" y="-275"/>
  <i image="skill1_20.png" delay="150" x="-235" y="-275"/>
  <i image="skill1_21.png" delay="150" x="-235" y="-275"/>
  <i image="skill2_0.png" delay="90" x="-216" y="-182"/>
  <i image="skill2_1.png" delay="90" x="-216" y="-182"/>
  <i image="skill2_2.png" delay="90" x="-216" y="-182"/>
  <i image="skill2_3.png" delay="90" x="-216" y="-182"/>
  <i image="skill2_4.png" delay="90" x="-216" y="-182"/>
  <i image="skill2_5.png" delay="90" x="-216" y="-182"/>
  <i image="skill2_6.png" delay="90" x="-216" y="-182"/>
  <i image="skill2_7.png" delay="90" x="-216" y="-182"/>
  <i image="skill2_8.png" delay="90" x="-216" y="-182"/>
  <i image="skill2_9.png" delay="90" x="-216" y="-182"/>
  <i image="skill2_10.png" delay="90" x="-216" y="-182"/>
  <i image="skill2_11.png" delay="90" x="-216" y="-182"/>
  <i image="skill2_12.png" delay="90" x="-216" y="-182"/>
  <i image="skill2_13.png" delay="90" x="-216" y="-182"/>
  <i image="skill2_14.png" delay="90" x="-216" y="-182"/>
  <i image="skill2_15.png" delay="90" x="-216" y="-182"/>
  <i image="skill2_16.png" delay="90" x="-216" y="-182"/>
  <i image="skill2_17.png" delay="90" x="-216" y="-182"/>
  <i image="skill2_18.png" delay="150" x="-216" y="-182"/>
  <i image="skill2_19.png" delay="150" x="-216" y="-182"/>
  <i image="skill2_20.png" delay="150" x="-216" y="-182"/>
  <i image="skill3_0.png" delay="120" x="-79" y="-198"/>
  <i image="skill3_1.png" delay="120" x="-79" y="-198"/>
  <i image="skill3_2.png" delay="120" x="-79" y="-198"/>
  <i image="skill3_3.png" delay="120" x="-79" y="-198"/>
  <i image="skill3_4.png" delay="120" x="-79" y="-198"/>
  <i image="skill3_5.png" delay="120" x="-79" y="-198"/>
  <i image="skill3_6.png" delay="120" x="-79" y="-198"/>
  <i image="skill3_7.png" delay="120" x="-79" y="-198"/>
  <i image="skill3_8.png" delay="120" x="-79" y="-198"/>
  <i image="skillAfter3_0.png" delay="120" x="-76" y="-213"/>
  <i image="skillAfter3_1.png" delay="120" x="-76" y="-213"/>
  <i image="skillAfter3_2.png" delay="120" x="-76" y="-213"/>
  <i image="skillAfter3_3.png" delay="120" x="-76" y="-213"/>
  <i image="skillAfter3_4.png" delay="120" x="-76" y="-213"/>
  <i image="skillAfter3_5.png" delay="120" x="-76" y="-213"/>
  <i image="skillAfter3_6.png" delay="120" x="-76" y="-213"/>
  <i image="skillAfter3_7.png" delay="120" x="-76" y="-213"/>
  <i image="skillAfter3_8.png" delay="120" x="-76" y="-213"/>
  <i image="hit1_0.png" delay="600" x="-95" y="-153"/>
  <i image="die1_0.png" delay="150" x="-60" y="-157"/>
  <i image="die1_1.png" delay="150" x="-60" y="-157"/>
  <i image="die1_2.png" delay="150" x="-60" y="-157"/>
  <i image="die1_3.png" delay="150" x="-60" y="-157"/>
  <i image="die1_4.png" delay="150" x="-60" y="-157"/>
  <i image="die1_5.png" delay="150" x="-60" y="-157"/>
  <i image="die1_6.png" delay="150" x="-60" y="-157"/>
  <i image="die1_7.png" delay="150" x="-60" y="-157"/>
  <i image="die1_8.png" delay="150" x="-60" y="-157"/>
  <i image="die1_9.png" delay="150" x="-60" y="-157"/>
  <i image="die1_10.png" delay="150" x="-60" y="-157"/>
  <i image="die1_11.png" delay="150" x="-60" y="-157"/>
  <i image="die1_12.png" delay="150" x="-60" y="-157"/>
  <i image="die1_13.png" delay="150" x="-60" y="-157"/>
  <i image="die1_14.png" delay="150" x="-60" y="-157"/>
  <i image="die1_15.png" delay="150" x="-60" y="-157"/>
  <i image="die1_16.png" delay="150" x="-60" y="-157"/>
  <i image="die1_17.png" delay="150" x="-60" y="-157"/>
  <i image="die1_18.png" delay="150" x="-60" y="-157"/>
  <i image="die1_19.png" delay="150" x="-60" y="-157"/>
</i>