<i>
  <i image="stand_0.png" delay="120" x="-33" y="-77"/>
  <i image="stand_1.png" delay="120" x="-33" y="-77"/>
  <i image="stand_2.png" delay="120" x="-33" y="-77"/>
  <i image="stand_3.png" delay="120" x="-33" y="-77"/>
  <i image="move_0.png" delay="120" x="-38" y="-78"/>
  <i image="move_1.png" delay="120" x="-38" y="-78"/>
  <i image="move_2.png" delay="120" x="-38" y="-78"/>
  <i image="move_3.png" delay="120" x="-38" y="-78"/>
  <i image="attack1.info.hit_0.png" delay="120" x="-85" y="-71"/>
  <i image="attack1.info.hit_1.png" delay="120" x="-85" y="-71"/>
  <i image="attack1.info.hit_2.png" delay="120" x="-85" y="-71"/>
  <i image="attack1.info.hit_3.png" delay="120" x="-85" y="-71"/>
  <i image="attack1_0.png" delay="120" x="-264" y="-126"/>
  <i image="attack1_1.png" delay="120" x="-264" y="-126"/>
  <i image="attack1_2.png" delay="120" x="-264" y="-126"/>
  <i image="attack1_3.png" delay="120" x="-264" y="-126"/>
  <i image="attack1_4.png" delay="120" x="-264" y="-126"/>
  <i image="attack1_5.png" delay="120" x="-264" y="-126"/>
  <i image="attack1_6.png" delay="120" x="-264" y="-126"/>
  <i image="attack1_7.png" delay="120" x="-264" y="-126"/>
  <i image="attack1_8.png" delay="120" x="-264" y="-126"/>
  <i image="attack1_9.png" delay="120" x="-264" y="-126"/>
  <i image="attack1_10.png" delay="120" x="-264" y="-126"/>
  <i image="attack1_11.png" delay="120" x="-264" y="-126"/>
  <i image="attack1_12.png" delay="120" x="-264" y="-126"/>
  <i image="attack1_13.png" delay="120" x="-264" y="-126"/>
  <i image="attack1_14.png" delay="120" x="-264" y="-126"/>
  <i image="attack1_15.png" delay="120" x="-264" y="-126"/>
  <i image="attack1_16.png" delay="120" x="-264" y="-126"/>
  <i image="attack2.info.hit_0.png" delay="120" x="-24" y="-42"/>
  <i image="attack2.info.hit_1.png" delay="120" x="-24" y="-42"/>
  <i image="attack2.info.hit_2.png" delay="120" x="-24" y="-42"/>
  <i image="attack2.info.hit_3.png" delay="120" x="-24" y="-42"/>
  <i image="attack2_0.png" delay="120" x="-32" y="-298"/>
  <i image="attack2_1.png" delay="120" x="-32" y="-298"/>
  <i image="attack2_2.png" delay="120" x="-32" y="-298"/>
  <i image="attack2_3.png" delay="120" x="-32" y="-298"/>
  <i image="attack2_4.png" delay="120" x="-32" y="-298"/>
  <i image="attack2_5.png" delay="120" x="-32" y="-298"/>
  <i image="attack2_6.png" delay="120" x="-32" y="-298"/>
  <i image="attack2_7.png" delay="120" x="-32" y="-298"/>
  <i image="attack2_8.png" delay="120" x="-32" y="-298"/>
  <i image="attack2_9.png" delay="120" x="-32" y="-298"/>
  <i image="attack2_10.png" delay="120" x="-32" y="-298"/>
  <i image="attack2_11.png" delay="120" x="-32" y="-298"/>
  <i image="attack2_12.png" delay="120" x="-32" y="-298"/>
  <i image="attack2_13.png" delay="120" x="-32" y="-298"/>
  <i image="attack2_14.png" delay="120" x="-32" y="-298"/>
  <i image="attack2_15.png" delay="120" x="-32" y="-298"/>
  <i image="attack2_16.png" delay="120" x="-32" y="-298"/>
  <i image="attack3.info.hit_0.png" delay="120" x="-63" y="-105"/>
  <i image="attack3.info.hit_1.png" delay="120" x="-63" y="-105"/>
  <i image="attack3.info.hit_2.png" delay="120" x="-63" y="-105"/>
  <i image="attack3.info.hit_3.png" delay="120" x="-63" y="-105"/>
  <i image="attack3.info.hit_4.png" delay="120" x="-63" y="-105"/>
  <i image="attack3_0.png" delay="120" x="-190" y="-216"/>
  <i image="attack3_1.png" delay="120" x="-190" y="-216"/>
  <i image="attack3_2.png" delay="120" x="-190" y="-216"/>
  <i image="attack3_3.png" delay="120" x="-190" y="-216"/>
  <i image="attack3_4.png" delay="120" x="-190" y="-216"/>
  <i image="attack3_5.png" delay="120" x="-190" y="-216"/>
  <i image="attack3_6.png" delay="120" x="-190" y="-216"/>
  <i image="attack3_7.png" delay="120" x="-190" y="-216"/>
  <i image="attack3_8.png" delay="120" x="-190" y="-216"/>
  <i image="attack3_9.png" delay="120" x="-190" y="-216"/>
  <i image="attack3_10.png" delay="120" x="-190" y="-216"/>
  <i image="attack3_11.png" delay="120" x="-190" y="-216"/>
  <i image="attack3_12.png" delay="120" x="-190" y="-216"/>
  <i image="attack3_13.png" delay="120" x="-190" y="-216"/>
  <i image="attack3_14.png" delay="120" x="-190" y="-216"/>
  <i image="attack3_15.png" delay="120" x="-190" y="-216"/>
  <i image="attack3_16.png" delay="120" x="-190" y="-216"/>
  <i image="attack3_17.png" delay="120" x="-190" y="-216"/>
  <i image="attack3_18.png" delay="120" x="-190" y="-216"/>
  <i image="attack3_19.png" delay="120" x="-190" y="-216"/>
  <i image="attack3_20.png" delay="120" x="-190" y="-216"/>
  <i image="attack4.info.hit_0.png" delay="120" x="-63" y="-105"/>
  <i image="attack4.info.hit_1.png" delay="120" x="-63" y="-105"/>
  <i image="attack4.info.hit_2.png" delay="120" x="-63" y="-105"/>
  <i image="attack4.info.hit_3.png" delay="120" x="-63" y="-105"/>
  <i image="attack4.info.hit_4.png" delay="120" x="-63" y="-105"/>
  <i image="attack4_0.png" delay="120" x="-261" y="-248"/>
  <i image="attack4_1.png" delay="120" x="-261" y="-248"/>
  <i image="attack4_2.png" delay="120" x="-261" y="-248"/>
  <i image="attack4_3.png" delay="120" x="-261" y="-248"/>
  <i image="attack4_4.png" delay="120" x="-261" y="-248"/>
  <i image="attack4_5.png" delay="120" x="-261" y="-248"/>
  <i image="attack4_6.png" delay="120" x="-261" y="-248"/>
  <i image="attack4_7.png" delay="120" x="-261" y="-248"/>
  <i image="attack4_8.png" delay="120" x="-261" y="-248"/>
  <i image="attack4_9.png" delay="120" x="-261" y="-248"/>
  <i image="attack4_10.png" delay="120" x="-261" y="-248"/>
  <i image="attack4_11.png" delay="120" x="-261" y="-248"/>
  <i image="attack5.info.hit_0.png" delay="120" x="-63" y="-105"/>
  <i image="attack5.info.hit_1.png" delay="120" x="-63" y="-105"/>
  <i image="attack5.info.hit_2.png" delay="120" x="-63" y="-105"/>
  <i image="attack5.info.hit_3.png" delay="120" x="-63" y="-105"/>
  <i image="attack5.info.hit_4.png" delay="120" x="-63" y="-105"/>
  <i image="attack5_0.png" delay="120" x="-265" y="-254"/>
  <i image="attack5_1.png" delay="120" x="-265" y="-254"/>
  <i image="attack5_2.png" delay="120" x="-265" y="-254"/>
  <i image="attack5_3.png" delay="120" x="-265" y="-254"/>
  <i image="attack5_4.png" delay="120" x="-265" y="-254"/>
  <i image="attack5_5.png" delay="120" x="-265" y="-254"/>
  <i image="attack5_6.png" delay="120" x="-265" y="-254"/>
  <i image="attack5_7.png" delay="120" x="-265" y="-254"/>
  <i image="attack5_8.png" delay="120" x="-265" y="-254"/>
  <i image="attack5_9.png" delay="120" x="-265" y="-254"/>
  <i image="attack5_10.png" delay="120" x="-265" y="-254"/>
  <i image="attack5_11.png" delay="120" x="-265" y="-254"/>
  <i image="attack5_12.png" delay="120" x="-265" y="-254"/>
  <i image="attack5_13.png" delay="120" x="-265" y="-254"/>
  <i image="attack5_14.png" delay="120" x="-265" y="-254"/>
  <i image="attack5_15.png" delay="120" x="-265" y="-254"/>
  <i image="attack5_16.png" delay="120" x="-265" y="-254"/>
  <i image="hit1_0.png" delay="600" x="-12" y="-73"/>
  <i image="die1_0.png" delay="120" x="-32" y="-102"/>
  <i image="die1_1.png" delay="120" x="-32" y="-102"/>
  <i image="die1_2.png" delay="120" x="-32" y="-102"/>
  <i image="die1_3.png" delay="120" x="-32" y="-102"/>
  <i image="die1_4.png" delay="120" x="-32" y="-102"/>
  <i image="die1_5.png" delay="120" x="-32" y="-102"/>
  <i image="die1_6.png" delay="120" x="-32" y="-102"/>
  <i image="die1_7.png" delay="120" x="-32" y="-102"/>
  <i image="die1_8.png" delay="120" x="-32" y="-102"/>
  <i image="die1_9.png" delay="120" x="-32" y="-102"/>
  <i image="die1_10.png" delay="120" x="-32" y="-102"/>
  <i image="die1_11.png" delay="120" x="-32" y="-102"/>
  <i image="die1_12.png" delay="120" x="-32" y="-102"/>
  <i image="die1_13.png" delay="120" x="-32" y="-102"/>
</i>